model,method,faithfulness_correlation_mean,faithfulness_correlation_std,faithfulness_correlation_count,apf_mean,apf_std,apf_count,faithfulness_estimate_mean,faithfulness_estimate_std,faithfulness_estimate_count,pointing_game_mean,pointing_game_std,pointing_game_count,max_sensitivity_mean,max_sensitivity_std,max_sensitivity_count,sparseness_mean,sparseness_std,sparseness_count,source_run,idx,label,pred,logit,pointing_hit
pvt_v2_b2,grad_cam,-0.0446451444923877,0.2218092927810182,50.0,0.0130481457337737,0.241373166140857,50.0,-0.0052578249573707,0.3363428936476679,50.0,0.84,0.3703280399090206,50.0,0.1821726172417402,0.0890688283693458,50.0,0.3379905926969513,0.0508249660317186,50.0,baselines_pvt/summary.csv,,,,,
pvt_v2_b2,grad_cam_plus_plus,-0.0409922065213322,0.2602174892625657,50.0,-0.0538879718631506,0.2593308770028031,50.0,-0.0181087405234575,0.3205515080485477,50.0,0.88,0.328260722659316,50.0,0.1736024367809295,0.078185517073813,50.0,0.31017141645672,0.0468588900220685,50.0,baselines_pvt/summary.csv,,,,,
pvt_v2_b2,gradient_shap,0.0555360368546098,0.2360610532689137,50.0,-0.0137394090741872,0.2493539081631606,50.0,0.2211613778397441,0.3459548334399441,50.0,0.68,0.4712120714991611,50.0,1.3476839745044709,0.5425976450613398,50.0,0.6159254806471501,0.0462678164067213,50.0,baselines_pvt/summary.csv,,,,,
pvt_v2_b2,input_x_gradient,0.0155067310482263,0.2214715848492655,50.0,0.0636081538721919,0.2501788277313379,50.0,0.1379187477752566,0.3703239194006686,50.0,0.66,0.4785181206984064,50.0,1.0349975228309631,0.2656964443875496,50.0,0.6609785918974858,0.0593178842104999,50.0,baselines_pvt/summary.csv,,,,,
pvt_v2_b2,integrated_gradients,0.0778697996586561,0.2483237373851669,50.0,0.0306264056451618,0.2783604300799278,50.0,0.2128861168865114,0.3458777318161345,50.0,0.64,0.4848732213850611,50.0,1.0854162776470184,0.2492269759153276,50.0,0.6124754113009834,0.0433309576810196,50.0,baselines_pvt/summary.csv,,,,,
pvt_v2_b2,lime,-0.0051767917349934,0.2458705751447736,50.0,0.0142135140672326,0.2430220244383071,50.0,-0.2547246303781867,0.182372351181162,50.0,0.86,0.3505098327538655,50.0,1.7865332055091858,0.6785441281516074,50.0,0.8178654661676177,0.0376294247924788,50.0,baselines_pvt/summary.csv,,,,,
pvt_v2_b2,occlusion,0.015481897755526,0.241631841695807,50.0,-0.0165939607657492,0.2177716310729138,50.0,0.0082460330240428,0.3194768787398574,50.0,0.78,0.4184519575964802,50.0,0.8829681265354157,0.4489006584130646,50.0,0.4296253539774202,0.0404059832314289,50.0,baselines_pvt/summary.csv,,,,,
pvt_v2_b2,rise,0.0202162912487983,0.2513896256603356,50.0,-0.020752645805478,0.2505391395689421,50.0,-0.0094320729002356,0.3789683728244795,50.0,0.68,0.4712120714991612,50.0,0.2804012697190046,0.3753531843050769,50.0,0.0231985404100612,0.0085247640278139,50.0,baselines_pvt/summary.csv,,,,,
pvt_v2_b2,saliency,0.0482047702372074,0.2825547149439451,50.0,0.031989604383707,0.237871745655511,50.0,0.2278143656253814,0.3754072031948456,50.0,0.62,0.4903143514780148,50.0,0.8924077987670899,0.1254232990438724,50.0,0.5421463843505476,0.0884929395154384,50.0,baselines_pvt/summary.csv,,,,,
pvt_v2_b2,smoothgrad,-0.0141866775136441,0.2631381858878827,50.0,-0.0289744720980525,0.2214390243960698,50.0,-0.2686410237848758,0.3674366922548888,50.0,0.92,0.2740475156178696,50.0,0.2536228039860725,0.0535619230658421,50.0,0.3123961226471035,0.0919243273869952,50.0,baselines_pvt/summary.csv,,,,,
pvt_v2_b2,vargrad,0.0416212979704141,0.2212636864885939,50.0,0.0061644592508673,0.2499019616651118,50.0,-0.2486289518326521,0.2809952467639283,50.0,0.88,0.328260722659316,50.0,0.8579026103019715,1.4936621223371636,50.0,0.5788016076546887,0.1292127967009262,50.0,baselines_pvt/summary.csv,,,,,
convnext_base,grad_cam,0.0050271439761854,0.2141790324143911,100.0,,,,0.065525701995939,0.4368327964529225,100.0,1.0,0.0,100.0,0.3042112559080124,0.1672146068109196,100.0,0.7006259574907133,0.0851747859137004,100.0,full_benchmark_100/summary.csv,,,,,
convnext_base,grad_cam_plus_plus,-0.0242672801824907,0.2312478133904832,75.0,,,,0.071046931821232,0.4340303965949496,75.0,0.9466666666666668,0.2262104576963036,75.0,0.8043299953176363,2.3951387301647658,74.0,0.6797537401762491,0.2400799407332203,75.0,full_benchmark_100/summary.csv,,,,,
convnext_base,gradient_shap,0.0227538209082558,0.2426094458782068,100.0,,,,0.0144231824344024,0.3579937508743788,100.0,0.79,0.4093601807403323,100.0,1.3884987699985505,1.4835227097795352,100.0,0.6251307899762044,0.0513634158461841,100.0,full_benchmark_100/summary.csv,,,,,
convnext_base,input_x_gradient,-0.0206652878411114,0.2031726960397611,100.0,,,,0.0105534527287818,0.3344507913684943,100.0,0.77,0.4229525846816506,100.0,0.8712288129329682,0.0898017085980025,100.0,0.6575023347928934,0.0550892055318138,100.0,full_benchmark_100/summary.csv,,,,,
convnext_base,integrated_gradients,-0.002188061655904,0.2363560802129058,100.0,,,,-0.0086668529663996,0.3460801883809566,100.0,0.76,0.4292346959909278,100.0,0.8785808765560422,0.2307118021824025,100.0,0.6175336014666992,0.0479155178444008,100.0,full_benchmark_100/summary.csv,,,,,
convnext_base,lime,-0.0066369445900423,0.2219054958197235,99.0,,,,-0.0275419715655534,0.1947190214754955,99.0,0.8383838383838383,0.3699716124540518,99.0,2.7384210172452423,8.443564439535391,95.0,0.8619623059386889,0.0741593029945412,99.0,full_benchmark_100/summary.csv,,,,,
convnext_base,occlusion,-0.05252052695374,0.2312948609962097,100.0,,,,-0.0550399659597314,0.342109496674347,100.0,0.92,0.2726599243442907,100.0,0.812551206946373,0.3051696994668018,100.0,0.48336982728478,0.0513639644630597,100.0,full_benchmark_100/summary.csv,,,,,
convnext_base,rise,0.0396868566563352,0.2512237035783524,100.0,,,,0.0563798251096159,0.3825850726515312,100.0,0.69,0.4648231987117316,100.0,0.2062820718809962,0.28013782074988,100.0,0.0221373638371303,0.014692135435928,100.0,full_benchmark_100/summary.csv,,,,,
convnext_base,saliency,0.0017537119344342,0.2440930292845531,100.0,,,,-0.0682330156676471,0.4191402617919208,100.0,0.73,0.4461960433384737,100.0,0.7769778621196747,0.110224154212421,100.0,0.4814208930209299,0.062392191102662,100.0,full_benchmark_100/summary.csv,,,,,
convnext_base,smoothgrad,0.0160892616200726,0.2110117103576858,100.0,,,,-0.0075931095518171,0.4565250398425761,100.0,0.89,0.3144660377352201,100.0,0.2611197599768639,0.0669000237751999,100.0,0.3671742458452341,0.0887756828958925,100.0,full_benchmark_100/summary.csv,,,,,
convnext_base,vargrad,0.0285093399044126,0.2423547145107554,100.0,,,,0.0175143719557672,0.3619654984174964,100.0,0.81,0.3942772444036624,100.0,0.8876256850361824,0.819997917156971,100.0,0.6473932026001925,0.1112338216978939,100.0,full_benchmark_100/summary.csv,,,,,
deit_base_patch16_224,attention_gradient,0.0030012983875349,0.2331152865728838,100.0,,,,0.0074540368746966,0.3500056274883333,100.0,0.86,0.3487350880197769,100.0,0.2742569480836391,0.0877443420056083,100.0,0.3262552994028879,0.08297363670054,100.0,full_benchmark_100/summary.csv,,,,,
deit_base_patch16_224,attention_rollout,0.0307308725011535,0.2474098647749941,100.0,,,,0.148309449624503,0.341647962986118,100.0,0.48,0.5021167315686783,100.0,0.0437812426127493,0.0127466018205029,100.0,0.1120254955203439,0.0202415538108522,100.0,full_benchmark_100/summary.csv,,,,,
deit_base_patch16_224,grad_cam,0.0080013839175808,0.2332181516605943,100.0,,,,-0.158764787139371,0.3617424156745544,100.0,0.9,0.3015113445777636,100.0,0.3646156595647335,0.2309524132686375,100.0,0.3873196864916011,0.1402919655029373,100.0,full_benchmark_100/summary.csv,,,,,
deit_base_patch16_224,grad_cam_plus_plus,-0.0323324282141402,0.2368428171849902,100.0,,,,-0.157671471806243,0.2741015042007515,100.0,0.62,0.4878317312145634,100.0,489.9267791155726,3709.8898640829702,96.0,0.6125580650699465,0.2387969904896569,100.0,full_benchmark_100/summary.csv,,,,,
deit_base_patch16_224,gradient_shap,-0.0213486645882949,0.2229607676248489,100.0,,,,0.154391255788505,0.2701075699502867,100.0,0.62,0.4878317312145633,100.0,1.0771015149354934,0.3880940519523127,100.0,0.7165715201860532,0.0520317633663602,100.0,full_benchmark_100/summary.csv,,,,,
deit_base_patch16_224,input_x_gradient,0.0207156202825717,0.2379026097759778,100.0,,,,0.1718215261865407,0.2770243471015628,100.0,0.56,0.4988876515698587,100.0,1.137829756140709,0.8072803812379691,100.0,0.7274204825546708,0.0699189688160003,100.0,full_benchmark_100/summary.csv,,,,,
deit_base_patch16_224,integrated_gradients,-0.0274646596226949,0.2434768017780034,100.0,,,,0.1586056570136346,0.2641275100151678,100.0,0.58,0.4960449637488583,100.0,0.8524812541941502,0.1146224136217643,100.0,0.7136746289624274,0.0484628358755857,100.0,full_benchmark_100/summary.csv,,,,,
deit_base_patch16_224,lime,-0.0029146800003945,0.2367111165068322,100.0,,,,-0.2777494844900502,0.2002094069364089,100.0,0.89,0.3144660377352202,100.0,1.4552402007579803,0.4641837017829527,100.0,0.8462059495401953,0.0412174738308178,100.0,full_benchmark_100/summary.csv,,,,,
deit_base_patch16_224,occlusion,0.0124685173295438,0.2197822110507621,100.0,,,,0.0826460720060276,0.2964672536592415,100.0,0.7,0.4605661864718383,100.0,0.6496150600910187,0.4176330719690884,100.0,0.360106959058421,0.1018993267332896,100.0,full_benchmark_100/summary.csv,,,,,
deit_base_patch16_224,rise,-0.0354242626624181,0.2532867120335356,100.0,,,,-0.0042730969097465,0.2945836687878811,100.0,0.71,0.4560480215720686,100.0,0.2170545192435383,0.3076030870898442,100.0,0.0257687408182029,0.013609055412416,100.0,full_benchmark_100/summary.csv,,,,,
deit_base_patch16_224,saliency,0.0337247464945539,0.2274668642617794,100.0,,,,0.2763106210902333,0.3257075949599289,100.0,0.54,0.5009082659620332,100.0,1.0130074912309646,0.4662956900295871,100.0,0.5944745559302315,0.0845178479409455,100.0,full_benchmark_100/summary.csv,,,,,
deit_base_patch16_224,smoothgrad,0.0280983831919729,0.2002680751679048,100.0,,,,0.2150289412331767,0.399291847613536,100.0,0.9,0.3015113445777636,100.0,0.3269454255700111,0.0980670225413094,100.0,0.3021977167460509,0.0614639773651964,100.0,full_benchmark_100/summary.csv,,,,,
deit_base_patch16_224,vargrad,0.0157220848742872,0.222445475562855,100.0,,,,0.1444287392045953,0.2944813722949688,100.0,0.83,0.3775251680686369,100.0,1.8619943234324452,3.841416297660747,100.0,0.6328993941088359,0.0917415150000222,100.0,full_benchmark_100/summary.csv,,,,,
resnet50,grad_cam,0.0158361748186871,0.2362626457049007,100.0,,,,0.2288233357854187,0.3934320752172409,100.0,0.98,0.1407052941362897,100.0,0.2733676992356777,0.1835017006929277,100.0,0.5973120383002926,0.1376249190898103,100.0,full_benchmark_100/summary.csv,,,,,
resnet50,grad_cam_plus_plus,0.0537094441265799,0.2400562201732402,100.0,,,,0.1784523054864257,0.4135996337109393,100.0,0.97,0.1714466079977652,100.0,0.1893500911071896,0.0676111045457135,100.0,0.4705774396858008,0.09413691376892,100.0,full_benchmark_100/summary.csv,,,,,
resnet50,gradient_shap,-0.0142730148299597,0.2300812871217376,100.0,,,,0.0338646017108112,0.3783754097674811,100.0,0.92,0.2726599243442907,100.0,0.962989782691002,0.1450746058429128,100.0,0.6156312222913727,0.0466970293507351,100.0,full_benchmark_100/summary.csv,,,,,
resnet50,input_x_gradient,0.0121546117583056,0.232422404885821,100.0,,,,-0.000745172901079,0.3702267701934962,100.0,0.86,0.3487350880197769,100.0,0.904555955529213,0.0770136409575696,100.0,0.625719172774354,0.0451394945902451,100.0,full_benchmark_100/summary.csv,,,,,
resnet50,integrated_gradients,0.0051086451532793,0.2036659186955194,100.0,,,,0.0346972912214418,0.3910027766369441,100.0,0.92,0.2726599243442907,100.0,0.8865544205736582,0.0801425569760147,100.0,0.6161524525590771,0.0469955008577844,100.0,full_benchmark_100/summary.csv,,,,,
resnet50,lime,0.0134287733351811,0.2455069217276641,100.0,,,,0.0150902242676238,0.207736897051574,100.0,0.94,0.238683256575942,100.0,1.3120444083213807,0.1984047543058299,100.0,0.7597487985161143,0.0161105319709366,100.0,full_benchmark_100/summary.csv,,,,,
resnet50,occlusion,-0.0067006805539131,0.2342282305323599,100.0,,,,0.1598977433645632,0.330682933857513,100.0,0.95,0.2190429135575903,100.0,0.938368917107582,0.2453409115159488,100.0,0.5085359909448779,0.0639083803471994,100.0,full_benchmark_100/summary.csv,,,,,
resnet50,rise,-0.0027551985322497,0.2299319154479066,100.0,,,,0.1700014030910097,0.391184004259741,100.0,0.82,0.386122919665369,100.0,0.3273727418854832,0.2915271715770733,100.0,0.0335823615229818,0.0217666051090558,100.0,full_benchmark_100/summary.csv,,,,,
resnet50,saliency,-0.0057719125784933,0.2513584966871794,100.0,,,,0.1379646463599056,0.3945408750563111,100.0,0.82,0.3861229196653691,100.0,0.7696621698141098,0.0809808293111023,100.0,0.4610025819743712,0.0560701865405854,100.0,full_benchmark_100/summary.csv,,,,,
resnet50,smoothgrad,-0.0050839819887187,0.2252109622475056,100.0,,,,0.1068527288781479,0.4779255505146334,100.0,0.97,0.1714466079977653,100.0,0.2423752970993518,0.0292893058634741,100.0,0.3444826337473105,0.0758775848420794,100.0,full_benchmark_100/summary.csv,,,,,
resnet50,vargrad,-0.024447479720693,0.2331927541839035,100.0,,,,0.0820520746946567,0.4057587968583095,100.0,0.98,0.1407052941362897,100.0,0.6070132598280906,0.1244858939374855,100.0,0.5930962897661942,0.105584531936473,100.0,full_benchmark_100/summary.csv,,,,,
vit_base_patch16_224,attention_gradient,-0.0011216035159304,0.2436613659218601,100.0,,,,-0.0294966126279905,0.3723844052667192,100.0,0.74,0.4408440022768081,100.0,0.3934124597907066,0.2181489388885724,100.0,0.3567865957388382,0.098184166244132,100.0,full_benchmark_100/summary.csv,,,,,
vit_base_patch16_224,attention_rollout,-0.0232955575815867,0.2306196039867228,100.0,,,,-0.1202404902176931,0.3080640206001528,100.0,0.64,0.4824181513244218,100.0,0.0897021386399865,0.0323616452057582,100.0,0.1258706705147411,0.0221602103227633,100.0,full_benchmark_100/summary.csv,,,,,
vit_base_patch16_224,grad_cam,-0.0007518825392859,0.2353080893545234,96.0,,,,0.0131140110631046,0.2827574013952422,96.0,0.9270833333333334,0.2613645031536837,96.0,1.9387824699118896,11.248335096613824,91.0,0.7055026562788925,0.1886513565260117,96.0,full_benchmark_100/summary.csv,,,,,
vit_base_patch16_224,grad_cam_plus_plus,0.0233653879351913,0.2416926493841681,100.0,,,,0.0153239551116712,0.2941292744142046,100.0,0.49,0.5024183937956913,100.0,17.176008140668273,35.055289146491894,96.0,0.5926456651656543,0.2374821695523149,100.0,full_benchmark_100/summary.csv,,,,,
vit_base_patch16_224,gradient_shap,0.0161805525003001,0.2402249922780858,100.0,,,,0.0175573005410842,0.2748446960988638,100.0,0.66,0.4760952285695232,100.0,1.6477009952068329,1.8426699211524733,100.0,0.657519763169505,0.0531602677030025,100.0,full_benchmark_100/summary.csv,,,,,
vit_base_patch16_224,input_x_gradient,-0.0191316754929721,0.2669186776450616,100.0,,,,-0.082611717255786,0.3273314609008728,100.0,0.64,0.4824181513244217,100.0,3.2905993139743805,10.603824417564324,100.0,0.6770104674704999,0.0566640550254662,100.0,full_benchmark_100/summary.csv,,,,,
vit_base_patch16_224,integrated_gradients,0.0119544188862894,0.2402519920966555,100.0,,,,0.0157077480831286,0.2798459616980064,100.0,0.64,0.4824181513244217,100.0,1.110378530074073,1.0579724673693256,100.0,0.6496867545242974,0.0515287444650965,100.0,full_benchmark_100/summary.csv,,,,,
vit_base_patch16_224,lime,-0.0141385443834587,0.2544533993787898,100.0,,,,-0.0514862573496066,0.1871924215807453,100.0,0.87,0.3379976689896311,100.0,1.6774490851163864,1.1856069771751117,100.0,0.8701196869480218,0.0653439270388192,100.0,full_benchmark_100/summary.csv,,,,,
vit_base_patch16_224,occlusion,0.001485175412381,0.2562854966478373,100.0,,,,0.0786293192394077,0.372517412230762,100.0,0.76,0.4292346959909279,100.0,0.9952075311541556,0.8875127907819951,100.0,0.4755053419133923,0.0940657102501614,100.0,full_benchmark_100/summary.csv,,,,,
vit_base_patch16_224,rise,-0.0059435707051306,0.2233849571443406,100.0,,,,0.0892608802567701,0.3138882501383939,100.0,0.73,0.4461960433384737,100.0,0.1855662330240011,0.1953340123190956,100.0,0.0226197967185186,0.0107347913397345,100.0,full_benchmark_100/summary.csv,,,,,
vit_base_patch16_224,saliency,-0.0266441088763531,0.2432289731067292,100.0,,,,-0.0498477145470678,0.3635776929216692,100.0,0.65,0.4793724854411023,100.0,2.6918284767866134,6.354674135278623,100.0,0.6401613589283904,0.0771910011725729,100.0,full_benchmark_100/summary.csv,,,,,
vit_base_patch16_224,smoothgrad,-0.0044079096120549,0.2211090358748845,100.0,,,,-0.0342842901902622,0.4395864458409654,100.0,0.85,0.3588702812826367,100.0,0.699464223831892,1.384526089782078,100.0,0.4064072842648814,0.0684230607976639,100.0,full_benchmark_100/summary.csv,,,,,
vit_base_patch16_224,vargrad,-0.0255855089146643,0.241753188048253,100.0,,,,-0.0392499265877995,0.273691689615199,100.0,0.76,0.4292346959909278,100.0,16.4133614474535,113.8290716632826,100.0,0.7830738273711845,0.109707658631611,100.0,full_benchmark_100/summary.csv,,,,,
,,,,,,,,,,,,,,,,,,,,hilrp_gate3/efficientvit_b2.csv,0.0,915.0,915.0,1.850147247314453,1.0
,,,,,,,,,,,,,,,,,,,,hilrp_gate3/efficientvit_b2.csv,1.0,915.0,915.0,2.1862831115722656,1.0
,,,,,,,,,,,,,,,,,,,,hilrp_gate3/efficientvit_b2.csv,2.0,853.0,619.0,-0.6562178134918213,1.0
,,,,,,,,,,,,,,,,,,,,hilrp_gate3/efficientvit_b2.csv,3.0,915.0,915.0,2.746492862701416,1.0
,,,,,,,,,,,,,,,,,,,,hilrp_gate3/efficientvit_b2.csv,4.0,915.0,915.0,2.0019545555114746,1.0
,,,,,,,,,,,,,,,,,,,,hilrp_gate3/efficientvit_b2.csv,5.0,915.0,915.0,2.0161666870117188,0.0
,,,,,,,,,,,,,,,,,,,,hilrp_gate3/efficientvit_b2.csv,6.0,915.0,915.0,2.066805362701416,1.0
,,,,,,,,,,,,,,,,,,,,hilrp_gate3/efficientvit_b2.csv,7.0,915.0,915.0,2.234702110290528,0.0
,,,,,,,,,,,,,,,,,,,,hilrp_gate3/efficientvit_b2.csv,8.0,915.0,915.0,1.681044101715088,1.0
,,,,,,,,,,,,,,,,,,,,hilrp_gate3/efficientvit_b2.csv,9.0,915.0,915.0,2.1343302726745605,1.0
,,,,,,,,,,,,,,,,,,,,hilrp_gate3/efficientvit_b2.csv,10.0,915.0,915.0,2.1284894943237305,1.0
,,,,,,,,,,,,,,,,,,,,hilrp_gate3/efficientvit_b2.csv,11.0,915.0,915.0,2.22402286529541,1.0
,,,,,,,,,,,,,,,,,,,,hilrp_gate3/efficientvit_b2.csv,12.0,915.0,915.0,2.082039833068848,1.0
,,,,,,,,,,,,,,,,,,,,hilrp_gate3/efficientvit_b2.csv,13.0,915.0,915.0,2.1663122177124023,1.0
,,,,,,,,,,,,,,,,,,,,hilrp_gate3/efficientvit_b2.csv,14.0,915.0,915.0,2.088775634765625,1.0
,,,,,,,,,,,,,,,,,,,,hilrp_gate3/efficientvit_b2.csv,15.0,44.0,44.0,1.3767616748809814,1.0
,,,,,,,,,,,,,,,,,,,,hilrp_gate3/efficientvit_b2.csv,16.0,44.0,44.0,2.288006067276001,1.0
,,,,,,,,,,,,,,,,,,,,hilrp_gate3/efficientvit_b2.csv,17.0,41.0,41.0,1.59698224067688,1.0
,,,,,,,,,,,,,,,,,,,,hilrp_gate3/efficientvit_b2.csv,18.0,44.0,41.0,-0.0395503044128418,1.0
,,,,,,,,,,,,,,,,,,,,hilrp_gate3/efficientvit_b2.csv,19.0,44.0,44.0,1.985152006149292,1.0
,,,,,,,,,,,,,,,,,,,,hilrp_gate3/efficientvit_b2.csv,20.0,44.0,44.0,1.9526817798614504,1.0
,,,,,,,,,,,,,,,,,,,,hilrp_gate3/efficientvit_b2.csv,21.0,38.0,38.0,0.2776088714599609,1.0
,,,,,,,,,,,,,,,,,,,,hilrp_gate3/efficientvit_b2.csv,22.0,44.0,44.0,2.1045010089874268,1.0
,,,,,,,,,,,,,,,,,,,,hilrp_gate3/efficientvit_b2.csv,23.0,44.0,44.0,2.2508585453033447,1.0
,,,,,,,,,,,,,,,,,,,,hilrp_gate3/efficientvit_b2.csv,24.0,44.0,44.0,2.1259024143218994,1.0
,,,,,,,,,,,,,,,,,,,,hilrp_gate3/efficientvit_b2.csv,25.0,44.0,44.0,2.041332960128784,1.0
,,,,,,,,,,,,,,,,,,,,hilrp_gate3/efficientvit_b2.csv,26.0,44.0,44.0,1.931098222732544,1.0
,,,,,,,,,,,,,,,,,,,,hilrp_gate3/efficientvit_b2.csv,27.0,42.0,42.0,-0.1540417671203613,1.0
,,,,,,,,,,,,,,,,,,,,hilrp_gate3/efficientvit_b2.csv,28.0,44.0,44.0,2.3314387798309326,1.0
,,,,,,,,,,,,,,,,,,,,hilrp_gate3/efficientvit_b2.csv,29.0,46.0,44.0,0.8702442646026611,1.0
,,,,,,,,,,,,,,,,,,,,hilrp_gate3/efficientvit_b2.csv,30.0,226.0,226.0,1.973771095275879,1.0
,,,,,,,,,,,,,,,,,,,,hilrp_gate3/efficientvit_b2.csv,31.0,226.0,226.0,1.2456364631652832,1.0
,,,,,,,,,,,,,,,,,,,,hilrp_gate3/efficientvit_b2.csv,32.0,226.0,226.0,1.8342771530151367,1.0
,,,,,,,,,,,,,,,,,,,,hilrp_gate3/efficientvit_b2.csv,33.0,200.0,200.0,1.772122144699097,1.0
,,,,,,,,,,,,,,,,,,,,hilrp_gate3/efficientvit_b2.csv,34.0,226.0,226.0,2.0566177368164062,1.0
,,,,,,,,,,,,,,,,,,,,hilrp_gate3/efficientvit_b2.csv,35.0,226.0,226.0,1.7128057479858398,1.0
,,,,,,,,,,,,,,,,,,,,hilrp_gate3/efficientvit_b2.csv,36.0,200.0,200.0,0.0266263484954834,1.0
,,,,,,,,,,,,,,,,,,,,hilrp_gate3/efficientvit_b2.csv,37.0,226.0,226.0,1.4415936470031738,1.0
,,,,,,,,,,,,,,,,,,,,hilrp_gate3/efficientvit_b2.csv,38.0,825.0,825.0,1.156203031539917,1.0
,,,,,,,,,,,,,,,,,,,,hilrp_gate3/efficientvit_b2.csv,39.0,525.0,979.0,-0.6296200752258301,1.0
,,,,,,,,,,,,,,,,,,,,hilrp_gate3/efficientvit_b2.csv,40.0,825.0,825.0,2.56770396232605,1.0
,,,,,,,,,,,,,,,,,,,,hilrp_gate3/efficientvit_b2.csv,41.0,825.0,825.0,1.6148450374603271,1.0
,,,,,,,,,,,,,,,,,,,,hilrp_gate3/efficientvit_b2.csv,42.0,825.0,825.0,-0.2698283195495605,1.0
,,,,,,,,,,,,,,,,,,,,hilrp_gate3/efficientvit_b2.csv,43.0,825.0,825.0,2.051825761795044,1.0
,,,,,,,,,,,,,,,,,,,,hilrp_gate3/efficientvit_b2.csv,44.0,825.0,825.0,2.237495183944702,1.0
,,,,,,,,,,,,,,,,,,,,hilrp_gate3/efficientvit_b2.csv,45.0,825.0,825.0,1.6127450466156006,1.0
,,,,,,,,,,,,,,,,,,,,hilrp_gate3/efficientvit_b2.csv,46.0,825.0,412.0,-2.4139111042022705,1.0
,,,,,,,,,,,,,,,,,,,,hilrp_gate3/efficientvit_b2.csv,47.0,825.0,825.0,1.9185497760772705,1.0
,,,,,,,,,,,,,,,,,,,,hilrp_gate3/efficientvit_b2.csv,48.0,825.0,825.0,2.111536741256714,1.0
,,,,,,,,,,,,,,,,,,,,hilrp_gate3/efficientvit_b2.csv,49.0,825.0,825.0,2.135685682296753,1.0
,,,,,,,,,,,,,,,,,,,,hilrp_gate3/efficientvit_b2.csv,50.0,825.0,825.0,-0.110224962234497,1.0
,,,,,,,,,,,,,,,,,,,,hilrp_gate3/efficientvit_b2.csv,51.0,825.0,825.0,1.317131757736206,0.0
,,,,,,,,,,,,,,,,,,,,hilrp_gate3/efficientvit_b2.csv,52.0,825.0,825.0,2.162317514419556,1.0
,,,,,,,,,,,,,,,,,,,,hilrp_gate3/efficientvit_b2.csv,53.0,825.0,825.0,2.2103073596954346,1.0
,,,,,,,,,,,,,,,,,,,,hilrp_gate3/efficientvit_b2.csv,54.0,825.0,825.0,1.7234981060028076,1.0
,,,,,,,,,,,,,,,,,,,,hilrp_gate3/efficientvit_b2.csv,55.0,825.0,825.0,1.6768953800201416,1.0
,,,,,,,,,,,,,,,,,,,,hilrp_gate3/efficientvit_b2.csv,56.0,825.0,825.0,1.581672430038452,1.0
,,,,,,,,,,,,,,,,,,,,hilrp_gate3/efficientvit_b2.csv,57.0,284.0,284.0,2.18360447883606,1.0
,,,,,,,,,,,,,,,,,,,,hilrp_gate3/efficientvit_b2.csv,58.0,284.0,284.0,2.1002867221832275,1.0
,,,,,,,,,,,,,,,,,,,,hilrp_gate3/efficientvit_b2.csv,59.0,284.0,284.0,1.5624520778656006,1.0
,,,,,,,,,,,,,,,,,,,,hilrp_gate3/efficientvit_b2.csv,60.0,284.0,284.0,2.0121872425079346,1.0
,,,,,,,,,,,,,,,,,,,,hilrp_gate3/efficientvit_b2.csv,61.0,284.0,284.0,2.2292826175689697,1.0
,,,,,,,,,,,,,,,,,,,,hilrp_gate3/efficientvit_b2.csv,62.0,284.0,284.0,2.529780626296997,1.0
,,,,,,,,,,,,,,,,,,,,hilrp_gate3/efficientvit_b2.csv,63.0,284.0,284.0,2.03078293800354,1.0
,,,,,,,,,,,,,,,,,,,,hilrp_gate3/efficientvit_b2.csv,64.0,284.0,284.0,1.8696520328521729,1.0
,,,,,,,,,,,,,,,,,,,,hilrp_gate3/efficientvit_b2.csv,65.0,284.0,284.0,2.151705026626587,1.0
,,,,,,,,,,,,,,,,,,,,hilrp_gate3/efficientvit_b2.csv,66.0,596.0,596.0,0.3875904083251953,1.0
,,,,,,,,,,,,,,,,,,,,hilrp_gate3/efficientvit_b2.csv,67.0,284.0,284.0,2.018285036087036,1.0
,,,,,,,,,,,,,,,,,,,,hilrp_gate3/efficientvit_b2.csv,68.0,285.0,284.0,2.1814987659454346,1.0
,,,,,,,,,,,,,,,,,,,,hilrp_gate3/efficientvit_b2.csv,69.0,284.0,284.0,2.054277181625366,1.0
,,,,,,,,,,,,,,,,,,,,hilrp_gate3/efficientvit_b2.csv,70.0,89.0,284.0,1.2250850200653076,1.0
,,,,,,,,,,,,,,,,,,,,hilrp_gate3/efficientvit_b2.csv,71.0,284.0,284.0,1.109776735305786,1.0
,,,,,,,,,,,,,,,,,,,,hilrp_gate3/efficientvit_b2.csv,72.0,901.0,901.0,1.7640399932861328,1.0
,,,,,,,,,,,,,,,,,,,,hilrp_gate3/efficientvit_b2.csv,73.0,901.0,899.0,0.5373570919036865,1.0
,,,,,,,,,,,,,,,,,,,,hilrp_gate3/efficientvit_b2.csv,74.0,901.0,901.0,2.21429443359375,1.0
,,,,,,,,,,,,,,,,,,,,hilrp_gate3/efficientvit_b2.csv,75.0,899.0,504.0,-0.9594647884368896,1.0
,,,,,,,,,,,,,,,,,,,,hilrp_gate3/efficientvit_b2.csv,76.0,901.0,901.0,2.082096099853516,1.0
,,,,,,,,,,,,,,,,,,,,hilrp_gate3/efficientvit_b2.csv,77.0,901.0,901.0,2.043142318725586,1.0
,,,,,,,,,,,,,,,,,,,,hilrp_gate3/efficientvit_b2.csv,78.0,901.0,901.0,2.097661018371582,1.0
,,,,,,,,,,,,,,,,,,,,hilrp_gate3/efficientvit_b2.csv,79.0,901.0,504.0,-0.9494094848632812,1.0
,,,,,,,,,,,,,,,,,,,,hilrp_gate3/efficientvit_b2.csv,80.0,901.0,901.0,1.9170265197753904,1.0
,,,,,,,,,,,,,,,,,,,,hilrp_gate3/efficientvit_b2.csv,81.0,901.0,901.0,1.9290447235107424,1.0
,,,,,,,,,,,,,,,,,,,,hilrp_gate3/efficientvit_b2.csv,82.0,901.0,504.0,0.6635525226593018,1.0
,,,,,,,,,,,,,,,,,,,,hilrp_gate3/efficientvit_b2.csv,83.0,944.0,944.0,1.8779873847961424,1.0
,,,,,,,,,,,,,,,,,,,,hilrp_gate3/efficientvit_b2.csv,84.0,944.0,944.0,2.1740527153015137,1.0
,,,,,,,,,,,,,,,,,,,,hilrp_gate3/efficientvit_b2.csv,85.0,944.0,944.0,2.0167717933654785,1.0
,,,,,,,,,,,,,,,,,,,,hilrp_gate3/efficientvit_b2.csv,86.0,944.0,944.0,2.2221875190734863,1.0
,,,,,,,,,,,,,,,,,,,,hilrp_gate3/efficientvit_b2.csv,87.0,944.0,944.0,1.5243124961853027,1.0
,,,,,,,,,,,,,,,,,,,,hilrp_gate3/efficientvit_b2.csv,88.0,944.0,944.0,2.263144016265869,1.0
,,,,,,,,,,,,,,,,,,,,hilrp_gate3/efficientvit_b2.csv,89.0,944.0,944.0,0.8917350769042969,1.0
,,,,,,,,,,,,,,,,,,,,hilrp_gate3/efficientvit_b2.csv,90.0,944.0,944.0,1.87122106552124,1.0
,,,,,,,,,,,,,,,,,,,,hilrp_gate3/efficientvit_b2.csv,91.0,946.0,946.0,1.7831850051879885,1.0
,,,,,,,,,,,,,,,,,,,,hilrp_gate3/efficientvit_b2.csv,92.0,944.0,944.0,1.818817138671875,1.0
,,,,,,,,,,,,,,,,,,,,hilrp_gate3/efficientvit_b2.csv,93.0,944.0,944.0,2.061689853668213,1.0
,,,,,,,,,,,,,,,,,,,,hilrp_gate3/efficientvit_b2.csv,94.0,944.0,944.0,1.8321127891540527,1.0
,,,,,,,,,,,,,,,,,,,,hilrp_gate3/efficientvit_b2.csv,95.0,946.0,946.0,1.8798136711120603,1.0
,,,,,,,,,,,,,,,,,,,,hilrp_gate3/efficientvit_b2.csv,96.0,187.0,187.0,-0.2337214946746826,1.0
,,,,,,,,,,,,,,,,,,,,hilrp_gate3/efficientvit_b2.csv,97.0,651.0,651.0,2.437652826309204,0.0
,,,,,,,,,,,,,,,,,,,,hilrp_gate3/efficientvit_b2.csv,98.0,187.0,201.0,0.2535548210144043,1.0
,,,,,,,,,,,,,,,,,,,,hilrp_gate3/efficientvit_b2.csv,99.0,187.0,187.0,2.4915482997894287,1.0
,,,,,,,,,,,,,,,,,,,,hilrp_gate3/mobilevitv2_100.csv,0.0,915.0,915.0,8.05202579498291,1.0
,,,,,,,,,,,,,,,,,,,,hilrp_gate3/mobilevitv2_100.csv,1.0,915.0,915.0,8.8442964553833,1.0
,,,,,,,,,,,,,,,,,,,,hilrp_gate3/mobilevitv2_100.csv,2.0,853.0,846.0,5.936305999755859,1.0
,,,,,,,,,,,,,,,,,,,,hilrp_gate3/mobilevitv2_100.csv,3.0,915.0,915.0,9.36438274383545,1.0
,,,,,,,,,,,,,,,,,,,,hilrp_gate3/mobilevitv2_100.csv,4.0,915.0,915.0,8.552436828613281,1.0
,,,,,,,,,,,,,,,,,,,,hilrp_gate3/mobilevitv2_100.csv,5.0,915.0,915.0,7.982723236083984,1.0
,,,,,,,,,,,,,,,,,,,,hilrp_gate3/mobilevitv2_100.csv,6.0,915.0,915.0,7.7973785400390625,0.0
,,,,,,,,,,,,,,,,,,,,hilrp_gate3/mobilevitv2_100.csv,7.0,915.0,915.0,8.85422134399414,1.0
,,,,,,,,,,,,,,,,,,,,hilrp_gate3/mobilevitv2_100.csv,8.0,915.0,915.0,8.088409423828125,1.0
,,,,,,,,,,,,,,,,,,,,hilrp_gate3/mobilevitv2_100.csv,9.0,915.0,915.0,6.388412952423096,1.0
,,,,,,,,,,,,,,,,,,,,hilrp_gate3/mobilevitv2_100.csv,10.0,915.0,915.0,8.938026428222656,1.0
,,,,,,,,,,,,,,,,,,,,hilrp_gate3/mobilevitv2_100.csv,11.0,915.0,915.0,8.12386703491211,1.0
,,,,,,,,,,,,,,,,,,,,hilrp_gate3/mobilevitv2_100.csv,12.0,915.0,915.0,8.0374174118042,1.0
,,,,,,,,,,,,,,,,,,,,hilrp_gate3/mobilevitv2_100.csv,13.0,915.0,915.0,8.816865921020508,0.0
,,,,,,,,,,,,,,,,,,,,hilrp_gate3/mobilevitv2_100.csv,14.0,915.0,915.0,7.567211151123047,1.0
,,,,,,,,,,,,,,,,,,,,hilrp_gate3/mobilevitv2_100.csv,15.0,44.0,44.0,6.779928684234619,0.0
,,,,,,,,,,,,,,,,,,,,hilrp_gate3/mobilevitv2_100.csv,16.0,44.0,44.0,8.462374687194824,1.0
,,,,,,,,,,,,,,,,,,,,hilrp_gate3/mobilevitv2_100.csv,17.0,41.0,42.0,7.950048446655273,0.0
,,,,,,,,,,,,,,,,,,,,hilrp_gate3/mobilevitv2_100.csv,18.0,44.0,42.0,6.826958179473877,1.0
,,,,,,,,,,,,,,,,,,,,hilrp_gate3/mobilevitv2_100.csv,19.0,44.0,44.0,8.529101371765137,1.0
,,,,,,,,,,,,,,,,,,,,hilrp_gate3/mobilevitv2_100.csv,20.0,44.0,44.0,8.38370132446289,0.0
,,,,,,,,,,,,,,,,,,,,hilrp_gate3/mobilevitv2_100.csv,21.0,38.0,44.0,7.187047958374023,1.0
,,,,,,,,,,,,,,,,,,,,hilrp_gate3/mobilevitv2_100.csv,22.0,44.0,44.0,8.275872230529785,1.0
,,,,,,,,,,,,,,,,,,,,hilrp_gate3/mobilevitv2_100.csv,23.0,44.0,44.0,8.671481132507324,1.0
,,,,,,,,,,,,,,,,,,,,hilrp_gate3/mobilevitv2_100.csv,24.0,44.0,44.0,8.221932411193848,1.0
,,,,,,,,,,,,,,,,,,,,hilrp_gate3/mobilevitv2_100.csv,25.0,44.0,44.0,7.49099588394165,0.0
,,,,,,,,,,,,,,,,,,,,hilrp_gate3/mobilevitv2_100.csv,26.0,44.0,44.0,8.392497062683105,1.0
,,,,,,,,,,,,,,,,,,,,hilrp_gate3/mobilevitv2_100.csv,27.0,42.0,42.0,6.861973762512207,1.0
,,,,,,,,,,,,,,,,,,,,hilrp_gate3/mobilevitv2_100.csv,28.0,44.0,44.0,8.21823501586914,0.0
,,,,,,,,,,,,,,,,,,,,hilrp_gate3/mobilevitv2_100.csv,29.0,46.0,41.0,6.880780220031738,1.0
,,,,,,,,,,,,,,,,,,,,hilrp_gate3/mobilevitv2_100.csv,30.0,226.0,226.0,7.87107515335083,1.0
,,,,,,,,,,,,,,,,,,,,hilrp_gate3/mobilevitv2_100.csv,31.0,226.0,226.0,7.359847068786621,1.0
,,,,,,,,,,,,,,,,,,,,hilrp_gate3/mobilevitv2_100.csv,32.0,226.0,226.0,8.956185340881348,0.0
,,,,,,,,,,,,,,,,,,,,hilrp_gate3/mobilevitv2_100.csv,33.0,200.0,200.0,7.555999755859375,1.0
,,,,,,,,,,,,,,,,,,,,hilrp_gate3/mobilevitv2_100.csv,34.0,226.0,226.0,8.01383113861084,1.0
,,,,,,,,,,,,,,,,,,,,hilrp_gate3/mobilevitv2_100.csv,35.0,226.0,228.0,7.998513221740723,1.0
,,,,,,,,,,,,,,,,,,,,hilrp_gate3/mobilevitv2_100.csv,36.0,200.0,226.0,10.553279876708984,1.0
,,,,,,,,,,,,,,,,,,,,hilrp_gate3/mobilevitv2_100.csv,37.0,226.0,226.0,9.771717071533203,1.0
,,,,,,,,,,,,,,,,,,,,hilrp_gate3/mobilevitv2_100.csv,38.0,825.0,825.0,8.56644058227539,1.0
,,,,,,,,,,,,,,,,,,,,hilrp_gate3/mobilevitv2_100.csv,39.0,525.0,888.0,5.98841667175293,1.0
,,,,,,,,,,,,,,,,,,,,hilrp_gate3/mobilevitv2_100.csv,40.0,825.0,825.0,8.498689651489258,1.0
,,,,,,,,,,,,,,,,,,,,hilrp_gate3/mobilevitv2_100.csv,41.0,825.0,825.0,7.746340751647949,1.0
,,,,,,,,,,,,,,,,,,,,hilrp_gate3/mobilevitv2_100.csv,42.0,825.0,825.0,6.495577812194824,0.0
,,,,,,,,,,,,,,,,,,,,hilrp_gate3/mobilevitv2_100.csv,43.0,825.0,825.0,8.872098922729492,1.0
,,,,,,,,,,,,,,,,,,,,hilrp_gate3/mobilevitv2_100.csv,44.0,825.0,825.0,6.83427095413208,1.0
,,,,,,,,,,,,,,,,,,,,hilrp_gate3/mobilevitv2_100.csv,45.0,825.0,825.0,9.579024314880373,1.0
,,,,,,,,,,,,,,,,,,,,hilrp_gate3/mobilevitv2_100.csv,46.0,825.0,637.0,6.098078727722168,1.0
,,,,,,,,,,,,,,,,,,,,hilrp_gate3/mobilevitv2_100.csv,47.0,825.0,825.0,7.468053817749023,1.0
,,,,,,,,,,,,,,,,,,,,hilrp_gate3/mobilevitv2_100.csv,48.0,825.0,825.0,9.19794750213623,1.0
,,,,,,,,,,,,,,,,,,,,hilrp_gate3/mobilevitv2_100.csv,49.0,825.0,825.0,8.927632331848145,1.0
,,,,,,,,,,,,,,,,,,,,hilrp_gate3/mobilevitv2_100.csv,50.0,825.0,825.0,7.152487754821777,1.0
,,,,,,,,,,,,,,,,,,,,hilrp_gate3/mobilevitv2_100.csv,51.0,825.0,825.0,8.98658275604248,0.0
,,,,,,,,,,,,,,,,,,,,hilrp_gate3/mobilevitv2_100.csv,52.0,825.0,825.0,7.963091850280762,1.0
,,,,,,,,,,,,,,,,,,,,hilrp_gate3/mobilevitv2_100.csv,53.0,825.0,825.0,9.569348335266112,1.0
,,,,,,,,,,,,,,,,,,,,hilrp_gate3/mobilevitv2_100.csv,54.0,825.0,825.0,8.842639923095703,1.0
,,,,,,,,,,,,,,,,,,,,hilrp_gate3/mobilevitv2_100.csv,55.0,825.0,825.0,8.233534812927246,1.0
,,,,,,,,,,,,,,,,,,,,hilrp_gate3/mobilevitv2_100.csv,56.0,825.0,825.0,9.318316459655762,1.0
,,,,,,,,,,,,,,,,,,,,hilrp_gate3/mobilevitv2_100.csv,57.0,284.0,284.0,9.238075256347656,1.0
,,,,,,,,,,,,,,,,,,,,hilrp_gate3/mobilevitv2_100.csv,58.0,284.0,284.0,8.398761749267578,1.0
,,,,,,,,,,,,,,,,,,,,hilrp_gate3/mobilevitv2_100.csv,59.0,284.0,284.0,9.07395362854004,1.0
,,,,,,,,,,,,,,,,,,,,hilrp_gate3/mobilevitv2_100.csv,60.0,284.0,284.0,7.590947151184082,1.0
,,,,,,,,,,,,,,,,,,,,hilrp_gate3/mobilevitv2_100.csv,61.0,284.0,284.0,8.051448822021484,1.0
,,,,,,,,,,,,,,,,,,,,hilrp_gate3/mobilevitv2_100.csv,62.0,284.0,284.0,8.045098304748535,0.0
,,,,,,,,,,,,,,,,,,,,hilrp_gate3/mobilevitv2_100.csv,63.0,284.0,284.0,8.938180923461914,1.0
,,,,,,,,,,,,,,,,,,,,hilrp_gate3/mobilevitv2_100.csv,64.0,284.0,284.0,8.22072696685791,1.0
,,,,,,,,,,,,,,,,,,,,hilrp_gate3/mobilevitv2_100.csv,65.0,284.0,284.0,8.631976127624512,1.0
,,,,,,,,,,,,,,,,,,,,hilrp_gate3/mobilevitv2_100.csv,66.0,596.0,171.0,6.144061088562012,1.0
,,,,,,,,,,,,,,,,,,,,hilrp_gate3/mobilevitv2_100.csv,67.0,284.0,284.0,8.370542526245117,1.0
,,,,,,,,,,,,,,,,,,,,hilrp_gate3/mobilevitv2_100.csv,68.0,285.0,284.0,8.310747146606445,1.0
,,,,,,,,,,,,,,,,,,,,hilrp_gate3/mobilevitv2_100.csv,69.0,284.0,284.0,8.150230407714844,1.0
,,,,,,,,,,,,,,,,,,,,hilrp_gate3/mobilevitv2_100.csv,70.0,89.0,284.0,7.756711006164551,1.0
,,,,,,,,,,,,,,,,,,,,hilrp_gate3/mobilevitv2_100.csv,71.0,284.0,284.0,8.535296440124512,1.0
,,,,,,,,,,,,,,,,,,,,hilrp_gate3/mobilevitv2_100.csv,72.0,901.0,901.0,6.776140213012695,1.0
,,,,,,,,,,,,,,,,,,,,hilrp_gate3/mobilevitv2_100.csv,73.0,901.0,504.0,7.972844123840332,1.0
,,,,,,,,,,,,,,,,,,,,hilrp_gate3/mobilevitv2_100.csv,74.0,901.0,901.0,8.321702003479004,0.0
,,,,,,,,,,,,,,,,,,,,hilrp_gate3/mobilevitv2_100.csv,75.0,899.0,659.0,7.758408069610596,1.0
,,,,,,,,,,,,,,,,,,,,hilrp_gate3/mobilevitv2_100.csv,76.0,901.0,901.0,7.915158271789551,1.0
,,,,,,,,,,,,,,,,,,,,hilrp_gate3/mobilevitv2_100.csv,77.0,901.0,901.0,7.883954048156738,1.0
,,,,,,,,,,,,,,,,,,,,hilrp_gate3/mobilevitv2_100.csv,78.0,901.0,901.0,7.882745742797852,1.0
,,,,,,,,,,,,,,,,,,,,hilrp_gate3/mobilevitv2_100.csv,79.0,901.0,725.0,7.213501930236816,1.0
,,,,,,,,,,,,,,,,,,,,hilrp_gate3/mobilevitv2_100.csv,80.0,901.0,901.0,8.57397747039795,1.0
,,,,,,,,,,,,,,,,,,,,hilrp_gate3/mobilevitv2_100.csv,81.0,901.0,901.0,8.276886940002441,1.0
,,,,,,,,,,,,,,,,,,,,hilrp_gate3/mobilevitv2_100.csv,82.0,901.0,504.0,6.652224540710449,0.0
,,,,,,,,,,,,,,,,,,,,hilrp_gate3/mobilevitv2_100.csv,83.0,944.0,944.0,7.907270431518555,1.0
,,,,,,,,,,,,,,,,,,,,hilrp_gate3/mobilevitv2_100.csv,84.0,944.0,944.0,7.88480281829834,1.0
,,,,,,,,,,,,,,,,,,,,hilrp_gate3/mobilevitv2_100.csv,85.0,944.0,944.0,8.273792266845703,1.0
,,,,,,,,,,,,,,,,,,,,hilrp_gate3/mobilevitv2_100.csv,86.0,944.0,944.0,8.299276351928711,1.0
,,,,,,,,,,,,,,,,,,,,hilrp_gate3/mobilevitv2_100.csv,87.0,944.0,944.0,8.03681755065918,1.0
,,,,,,,,,,,,,,,,,,,,hilrp_gate3/mobilevitv2_100.csv,88.0,944.0,944.0,9.165609359741213,1.0
,,,,,,,,,,,,,,,,,,,,hilrp_gate3/mobilevitv2_100.csv,89.0,944.0,944.0,7.945405006408691,1.0
,,,,,,,,,,,,,,,,,,,,hilrp_gate3/mobilevitv2_100.csv,90.0,944.0,944.0,8.205018997192383,1.0
,,,,,,,,,,,,,,,,,,,,hilrp_gate3/mobilevitv2_100.csv,91.0,946.0,953.0,6.748273849487305,1.0
,,,,,,,,,,,,,,,,,,,,hilrp_gate3/mobilevitv2_100.csv,92.0,944.0,944.0,8.171520233154297,1.0
,,,,,,,,,,,,,,,,,,,,hilrp_gate3/mobilevitv2_100.csv,93.0,944.0,944.0,7.827442169189453,1.0
,,,,,,,,,,,,,,,,,,,,hilrp_gate3/mobilevitv2_100.csv,94.0,944.0,944.0,8.069489479064941,1.0
,,,,,,,,,,,,,,,,,,,,hilrp_gate3/mobilevitv2_100.csv,95.0,946.0,946.0,8.235051155090332,1.0
,,,,,,,,,,,,,,,,,,,,hilrp_gate3/mobilevitv2_100.csv,96.0,187.0,193.0,7.75620174407959,0.0
,,,,,,,,,,,,,,,,,,,,hilrp_gate3/mobilevitv2_100.csv,97.0,651.0,651.0,8.233126640319824,1.0
,,,,,,,,,,,,,,,,,,,,hilrp_gate3/mobilevitv2_100.csv,98.0,187.0,193.0,7.549938678741455,1.0
,,,,,,,,,,,,,,,,,,,,hilrp_gate3/mobilevitv2_100.csv,99.0,187.0,187.0,9.079489707946776,1.0
,,,,,,,,,,,,,,,,,,,,hilrp_gate3/pvt_v2_b2.csv,0.0,915.0,915.0,9.000853538513184,1.0
,,,,,,,,,,,,,,,,,,,,hilrp_gate3/pvt_v2_b2.csv,1.0,915.0,915.0,9.64281940460205,1.0
,,,,,,,,,,,,,,,,,,,,hilrp_gate3/pvt_v2_b2.csv,2.0,853.0,448.0,8.437763214111328,1.0
,,,,,,,,,,,,,,,,,,,,hilrp_gate3/pvt_v2_b2.csv,3.0,915.0,915.0,9.288209915161133,1.0
,,,,,,,,,,,,,,,,,,,,hilrp_gate3/pvt_v2_b2.csv,4.0,915.0,915.0,8.951384544372559,1.0
,,,,,,,,,,,,,,,,,,,,hilrp_gate3/pvt_v2_b2.csv,5.0,915.0,915.0,8.98710823059082,1.0
,,,,,,,,,,,,,,,,,,,,hilrp_gate3/pvt_v2_b2.csv,6.0,915.0,915.0,8.681588172912598,1.0
,,,,,,,,,,,,,,,,,,,,hilrp_gate3/pvt_v2_b2.csv,7.0,915.0,915.0,8.600672721862793,1.0
,,,,,,,,,,,,,,,,,,,,hilrp_gate3/pvt_v2_b2.csv,8.0,915.0,915.0,8.510123252868652,1.0
,,,,,,,,,,,,,,,,,,,,hilrp_gate3/pvt_v2_b2.csv,9.0,915.0,915.0,8.683844566345215,1.0
,,,,,,,,,,,,,,,,,,,,hilrp_gate3/pvt_v2_b2.csv,10.0,915.0,915.0,8.9683256149292,1.0
,,,,,,,,,,,,,,,,,,,,hilrp_gate3/pvt_v2_b2.csv,11.0,915.0,915.0,8.941877365112305,1.0
,,,,,,,,,,,,,,,,,,,,hilrp_gate3/pvt_v2_b2.csv,12.0,915.0,915.0,9.693608283996582,1.0
,,,,,,,,,,,,,,,,,,,,hilrp_gate3/pvt_v2_b2.csv,13.0,915.0,915.0,8.258039474487305,1.0
,,,,,,,,,,,,,,,,,,,,hilrp_gate3/pvt_v2_b2.csv,14.0,915.0,915.0,8.695040702819824,1.0
,,,,,,,,,,,,,,,,,,,,hilrp_gate3/pvt_v2_b2.csv,15.0,44.0,44.0,8.494430541992188,1.0
,,,,,,,,,,,,,,,,,,,,hilrp_gate3/pvt_v2_b2.csv,16.0,44.0,44.0,8.334986686706543,1.0
,,,,,,,,,,,,,,,,,,,,hilrp_gate3/pvt_v2_b2.csv,17.0,41.0,41.0,8.902629852294922,1.0
,,,,,,,,,,,,,,,,,,,,hilrp_gate3/pvt_v2_b2.csv,18.0,44.0,41.0,7.837462425231934,1.0
,,,,,,,,,,,,,,,,,,,,hilrp_gate3/pvt_v2_b2.csv,19.0,44.0,44.0,8.840594291687012,1.0
,,,,,,,,,,,,,,,,,,,,hilrp_gate3/pvt_v2_b2.csv,20.0,44.0,44.0,8.799134254455566,1.0
,,,,,,,,,,,,,,,,,,,,hilrp_gate3/pvt_v2_b2.csv,21.0,38.0,38.0,8.851346969604492,1.0
,,,,,,,,,,,,,,,,,,,,hilrp_gate3/pvt_v2_b2.csv,22.0,44.0,44.0,8.346471786499023,1.0
,,,,,,,,,,,,,,,,,,,,hilrp_gate3/pvt_v2_b2.csv,23.0,44.0,44.0,9.02914333343506,1.0
,,,,,,,,,,,,,,,,,,,,hilrp_gate3/pvt_v2_b2.csv,24.0,44.0,44.0,8.879373550415039,1.0
,,,,,,,,,,,,,,,,,,,,hilrp_gate3/pvt_v2_b2.csv,25.0,44.0,44.0,8.405743598937988,1.0
,,,,,,,,,,,,,,,,,,,,hilrp_gate3/pvt_v2_b2.csv,26.0,44.0,44.0,9.401083946228027,1.0
,,,,,,,,,,,,,,,,,,,,hilrp_gate3/pvt_v2_b2.csv,27.0,42.0,42.0,8.399407386779785,1.0
,,,,,,,,,,,,,,,,,,,,hilrp_gate3/pvt_v2_b2.csv,28.0,44.0,44.0,8.659788131713867,1.0
,,,,,,,,,,,,,,,,,,,,hilrp_gate3/pvt_v2_b2.csv,29.0,46.0,44.0,8.278693199157715,1.0
,,,,,,,,,,,,,,,,,,,,hilrp_gate3/pvt_v2_b2.csv,30.0,226.0,226.0,7.953527450561523,1.0
,,,,,,,,,,,,,,,,,,,,hilrp_gate3/pvt_v2_b2.csv,31.0,226.0,226.0,8.595544815063477,1.0
,,,,,,,,,,,,,,,,,,,,hilrp_gate3/pvt_v2_b2.csv,32.0,226.0,226.0,8.959115982055664,1.0
,,,,,,,,,,,,,,,,,,,,hilrp_gate3/pvt_v2_b2.csv,33.0,200.0,226.0,8.190701484680176,1.0
,,,,,,,,,,,,,,,,,,,,hilrp_gate3/pvt_v2_b2.csv,34.0,226.0,226.0,8.953841209411621,1.0
,,,,,,,,,,,,,,,,,,,,hilrp_gate3/pvt_v2_b2.csv,35.0,226.0,226.0,7.880274772644043,1.0
,,,,,,,,,,,,,,,,,,,,hilrp_gate3/pvt_v2_b2.csv,36.0,200.0,200.0,7.585114002227783,1.0
,,,,,,,,,,,,,,,,,,,,hilrp_gate3/pvt_v2_b2.csv,37.0,226.0,226.0,8.698472023010254,1.0
,,,,,,,,,,,,,,,,,,,,hilrp_gate3/pvt_v2_b2.csv,38.0,825.0,825.0,9.281423568725586,1.0
,,,,,,,,,,,,,,,,,,,,hilrp_gate3/pvt_v2_b2.csv,39.0,525.0,979.0,6.087186813354492,1.0
,,,,,,,,,,,,,,,,,,,,hilrp_gate3/pvt_v2_b2.csv,40.0,825.0,825.0,10.50216007232666,1.0
,,,,,,,,,,,,,,,,,,,,hilrp_gate3/pvt_v2_b2.csv,41.0,825.0,825.0,9.258060455322266,1.0
,,,,,,,,,,,,,,,,,,,,hilrp_gate3/pvt_v2_b2.csv,42.0,825.0,825.0,8.36524772644043,0.0
,,,,,,,,,,,,,,,,,,,,hilrp_gate3/pvt_v2_b2.csv,43.0,825.0,825.0,8.168004989624023,1.0
,,,,,,,,,,,,,,,,,,,,hilrp_gate3/pvt_v2_b2.csv,44.0,825.0,958.0,7.6380934715271,1.0
,,,,,,,,,,,,,,,,,,,,hilrp_gate3/pvt_v2_b2.csv,45.0,825.0,825.0,8.700396537780762,1.0
,,,,,,,,,,,,,,,,,,,,hilrp_gate3/pvt_v2_b2.csv,46.0,825.0,637.0,7.967045783996582,1.0
,,,,,,,,,,,,,,,,,,,,hilrp_gate3/pvt_v2_b2.csv,47.0,825.0,825.0,8.219261169433594,1.0
,,,,,,,,,,,,,,,,,,,,hilrp_gate3/pvt_v2_b2.csv,48.0,825.0,825.0,8.572488784790039,1.0
,,,,,,,,,,,,,,,,,,,,hilrp_gate3/pvt_v2_b2.csv,49.0,825.0,825.0,8.967453002929688,1.0
,,,,,,,,,,,,,,,,,,,,hilrp_gate3/pvt_v2_b2.csv,50.0,825.0,825.0,7.616518974304199,1.0
,,,,,,,,,,,,,,,,,,,,hilrp_gate3/pvt_v2_b2.csv,51.0,825.0,825.0,7.623227119445801,0.0
,,,,,,,,,,,,,,,,,,,,hilrp_gate3/pvt_v2_b2.csv,52.0,825.0,825.0,8.14417839050293,1.0
,,,,,,,,,,,,,,,,,,,,hilrp_gate3/pvt_v2_b2.csv,53.0,825.0,825.0,9.040484428405762,1.0
,,,,,,,,,,,,,,,,,,,,hilrp_gate3/pvt_v2_b2.csv,54.0,825.0,825.0,8.125240325927734,1.0
,,,,,,,,,,,,,,,,,,,,hilrp_gate3/pvt_v2_b2.csv,55.0,825.0,825.0,8.74649715423584,1.0
,,,,,,,,,,,,,,,,,,,,hilrp_gate3/pvt_v2_b2.csv,56.0,825.0,825.0,8.747034072875977,1.0
,,,,,,,,,,,,,,,,,,,,hilrp_gate3/pvt_v2_b2.csv,57.0,284.0,284.0,8.699249267578125,1.0
,,,,,,,,,,,,,,,,,,,,hilrp_gate3/pvt_v2_b2.csv,58.0,284.0,284.0,8.591257095336914,1.0
,,,,,,,,,,,,,,,,,,,,hilrp_gate3/pvt_v2_b2.csv,59.0,284.0,284.0,8.837462425231934,1.0
,,,,,,,,,,,,,,,,,,,,hilrp_gate3/pvt_v2_b2.csv,60.0,284.0,284.0,8.22574234008789,1.0
,,,,,,,,,,,,,,,,,,,,hilrp_gate3/pvt_v2_b2.csv,61.0,284.0,284.0,8.883275032043457,1.0
,,,,,,,,,,,,,,,,,,,,hilrp_gate3/pvt_v2_b2.csv,62.0,284.0,284.0,9.547723770141602,1.0
,,,,,,,,,,,,,,,,,,,,hilrp_gate3/pvt_v2_b2.csv,63.0,284.0,284.0,8.484896659851074,1.0
,,,,,,,,,,,,,,,,,,,,hilrp_gate3/pvt_v2_b2.csv,64.0,284.0,284.0,8.66742992401123,1.0
,,,,,,,,,,,,,,,,,,,,hilrp_gate3/pvt_v2_b2.csv,65.0,284.0,284.0,9.208147048950195,1.0
,,,,,,,,,,,,,,,,,,,,hilrp_gate3/pvt_v2_b2.csv,66.0,596.0,596.0,8.910560607910156,1.0
,,,,,,,,,,,,,,,,,,,,hilrp_gate3/pvt_v2_b2.csv,67.0,284.0,284.0,8.809712409973145,1.0
,,,,,,,,,,,,,,,,,,,,hilrp_gate3/pvt_v2_b2.csv,68.0,285.0,284.0,8.590694427490234,1.0
,,,,,,,,,,,,,,,,,,,,hilrp_gate3/pvt_v2_b2.csv,69.0,284.0,284.0,8.657625198364258,1.0
,,,,,,,,,,,,,,,,,,,,hilrp_gate3/pvt_v2_b2.csv,70.0,89.0,284.0,8.657024383544922,1.0
,,,,,,,,,,,,,,,,,,,,hilrp_gate3/pvt_v2_b2.csv,71.0,284.0,284.0,8.7417631149292,1.0
,,,,,,,,,,,,,,,,,,,,hilrp_gate3/pvt_v2_b2.csv,72.0,901.0,901.0,8.582200050354004,1.0
,,,,,,,,,,,,,,,,,,,,hilrp_gate3/pvt_v2_b2.csv,73.0,901.0,504.0,8.235944747924805,1.0
,,,,,,,,,,,,,,,,,,,,hilrp_gate3/pvt_v2_b2.csv,74.0,901.0,901.0,8.512955665588379,1.0
,,,,,,,,,,,,,,,,,,,,hilrp_gate3/pvt_v2_b2.csv,75.0,899.0,504.0,7.610132217407227,1.0
,,,,,,,,,,,,,,,,,,,,hilrp_gate3/pvt_v2_b2.csv,76.0,901.0,901.0,8.710003852844238,1.0
,,,,,,,,,,,,,,,,,,,,hilrp_gate3/pvt_v2_b2.csv,77.0,901.0,901.0,8.719717979431152,1.0
,,,,,,,,,,,,,,,,,,,,hilrp_gate3/pvt_v2_b2.csv,78.0,901.0,901.0,8.836197853088379,1.0
,,,,,,,,,,,,,,,,,,,,hilrp_gate3/pvt_v2_b2.csv,79.0,901.0,725.0,7.516754150390625,1.0
,,,,,,,,,,,,,,,,,,,,hilrp_gate3/pvt_v2_b2.csv,80.0,901.0,901.0,8.978947639465332,1.0
,,,,,,,,,,,,,,,,,,,,hilrp_gate3/pvt_v2_b2.csv,81.0,901.0,901.0,8.895058631896973,1.0
,,,,,,,,,,,,,,,,,,,,hilrp_gate3/pvt_v2_b2.csv,82.0,901.0,504.0,8.880709648132324,1.0
,,,,,,,,,,,,,,,,,,,,hilrp_gate3/pvt_v2_b2.csv,83.0,944.0,944.0,8.773632049560547,1.0
,,,,,,,,,,,,,,,,,,,,hilrp_gate3/pvt_v2_b2.csv,84.0,944.0,944.0,9.15213680267334,1.0
,,,,,,,,,,,,,,,,,,,,hilrp_gate3/pvt_v2_b2.csv,85.0,944.0,944.0,8.910237312316895,1.0
,,,,,,,,,,,,,,,,,,,,hilrp_gate3/pvt_v2_b2.csv,86.0,944.0,944.0,8.558506965637207,1.0
,,,,,,,,,,,,,,,,,,,,hilrp_gate3/pvt_v2_b2.csv,87.0,944.0,944.0,8.68455982208252,1.0
,,,,,,,,,,,,,,,,,,,,hilrp_gate3/pvt_v2_b2.csv,88.0,944.0,944.0,8.164956092834473,1.0
,,,,,,,,,,,,,,,,,,,,hilrp_gate3/pvt_v2_b2.csv,89.0,944.0,944.0,8.036215782165527,1.0
,,,,,,,,,,,,,,,,,,,,hilrp_gate3/pvt_v2_b2.csv,90.0,944.0,944.0,8.74460220336914,1.0
,,,,,,,,,,,,,,,,,,,,hilrp_gate3/pvt_v2_b2.csv,91.0,946.0,946.0,8.455434799194336,1.0
,,,,,,,,,,,,,,,,,,,,hilrp_gate3/pvt_v2_b2.csv,92.0,944.0,944.0,8.598396301269531,1.0
,,,,,,,,,,,,,,,,,,,,hilrp_gate3/pvt_v2_b2.csv,93.0,944.0,944.0,8.564889907836914,1.0
,,,,,,,,,,,,,,,,,,,,hilrp_gate3/pvt_v2_b2.csv,94.0,944.0,944.0,8.710516929626465,1.0
,,,,,,,,,,,,,,,,,,,,hilrp_gate3/pvt_v2_b2.csv,95.0,946.0,946.0,9.263427734375,1.0
,,,,,,,,,,,,,,,,,,,,hilrp_gate3/pvt_v2_b2.csv,96.0,187.0,187.0,8.283531188964844,1.0
,,,,,,,,,,,,,,,,,,,,hilrp_gate3/pvt_v2_b2.csv,97.0,651.0,651.0,11.04116916656494,1.0
,,,,,,,,,,,,,,,,,,,,hilrp_gate3/pvt_v2_b2.csv,98.0,187.0,193.0,7.97473669052124,1.0
,,,,,,,,,,,,,,,,,,,,hilrp_gate3/pvt_v2_b2.csv,99.0,187.0,187.0,8.81811809539795,1.0
,,,,,,,,,,,,,,,,,,,,hilrp_gate3/swin_base_patch4_window7_224.csv,0.0,915.0,915.0,9.511523246765137,1.0
,,,,,,,,,,,,,,,,,,,,hilrp_gate3/swin_base_patch4_window7_224.csv,1.0,915.0,915.0,9.102869987487791,1.0
,,,,,,,,,,,,,,,,,,,,hilrp_gate3/swin_base_patch4_window7_224.csv,2.0,853.0,448.0,9.196036338806152,1.0
,,,,,,,,,,,,,,,,,,,,hilrp_gate3/swin_base_patch4_window7_224.csv,3.0,915.0,915.0,9.074654579162598,1.0
,,,,,,,,,,,,,,,,,,,,hilrp_gate3/swin_base_patch4_window7_224.csv,4.0,915.0,915.0,9.418549537658691,1.0
,,,,,,,,,,,,,,,,,,,,hilrp_gate3/swin_base_patch4_window7_224.csv,5.0,915.0,915.0,9.3483304977417,1.0
,,,,,,,,,,,,,,,,,,,,hilrp_gate3/swin_base_patch4_window7_224.csv,6.0,915.0,915.0,9.300225257873535,1.0
,,,,,,,,,,,,,,,,,,,,hilrp_gate3/swin_base_patch4_window7_224.csv,7.0,915.0,915.0,8.691384315490723,1.0
,,,,,,,,,,,,,,,,,,,,hilrp_gate3/swin_base_patch4_window7_224.csv,8.0,915.0,915.0,9.537760734558104,1.0
,,,,,,,,,,,,,,,,,,,,hilrp_gate3/swin_base_patch4_window7_224.csv,9.0,915.0,915.0,9.166316032409668,1.0
,,,,,,,,,,,,,,,,,,,,hilrp_gate3/swin_base_patch4_window7_224.csv,10.0,915.0,915.0,9.199305534362791,0.0
,,,,,,,,,,,,,,,,,,,,hilrp_gate3/swin_base_patch4_window7_224.csv,11.0,915.0,915.0,9.39648723602295,1.0
,,,,,,,,,,,,,,,,,,,,hilrp_gate3/swin_base_patch4_window7_224.csv,12.0,915.0,915.0,8.449067115783691,1.0
,,,,,,,,,,,,,,,,,,,,hilrp_gate3/swin_base_patch4_window7_224.csv,13.0,915.0,915.0,9.292683601379396,1.0
,,,,,,,,,,,,,,,,,,,,hilrp_gate3/swin_base_patch4_window7_224.csv,14.0,915.0,915.0,9.171011924743652,1.0
,,,,,,,,,,,,,,,,,,,,hilrp_gate3/swin_base_patch4_window7_224.csv,15.0,44.0,44.0,8.540934562683105,1.0
,,,,,,,,,,,,,,,,,,,,hilrp_gate3/swin_base_patch4_window7_224.csv,16.0,44.0,44.0,8.9898042678833,1.0
,,,,,,,,,,,,,,,,,,,,hilrp_gate3/swin_base_patch4_window7_224.csv,17.0,41.0,41.0,10.015019416809082,1.0
,,,,,,,,,,,,,,,,,,,,hilrp_gate3/swin_base_patch4_window7_224.csv,18.0,44.0,41.0,8.431219100952148,1.0
,,,,,,,,,,,,,,,,,,,,hilrp_gate3/swin_base_patch4_window7_224.csv,19.0,44.0,44.0,9.28411865234375,1.0
,,,,,,,,,,,,,,,,,,,,hilrp_gate3/swin_base_patch4_window7_224.csv,20.0,44.0,44.0,8.625173568725586,1.0
,,,,,,,,,,,,,,,,,,,,hilrp_gate3/swin_base_patch4_window7_224.csv,21.0,38.0,38.0,9.009190559387209,1.0
,,,,,,,,,,,,,,,,,,,,hilrp_gate3/swin_base_patch4_window7_224.csv,22.0,44.0,44.0,9.262919425964355,1.0
,,,,,,,,,,,,,,,,,,,,hilrp_gate3/swin_base_patch4_window7_224.csv,23.0,44.0,44.0,9.697925567626951,1.0
,,,,,,,,,,,,,,,,,,,,hilrp_gate3/swin_base_patch4_window7_224.csv,24.0,44.0,44.0,9.484686851501465,1.0
,,,,,,,,,,,,,,,,,,,,hilrp_gate3/swin_base_patch4_window7_224.csv,25.0,44.0,44.0,8.731094360351562,1.0
,,,,,,,,,,,,,,,,,,,,hilrp_gate3/swin_base_patch4_window7_224.csv,26.0,44.0,44.0,9.632054328918455,1.0
,,,,,,,,,,,,,,,,,,,,hilrp_gate3/swin_base_patch4_window7_224.csv,27.0,42.0,42.0,8.317559242248535,1.0
,,,,,,,,,,,,,,,,,,,,hilrp_gate3/swin_base_patch4_window7_224.csv,28.0,44.0,44.0,8.889763832092285,1.0
,,,,,,,,,,,,,,,,,,,,hilrp_gate3/swin_base_patch4_window7_224.csv,29.0,46.0,44.0,7.440291404724121,1.0
,,,,,,,,,,,,,,,,,,,,hilrp_gate3/swin_base_patch4_window7_224.csv,30.0,226.0,226.0,7.9781670570373535,1.0
,,,,,,,,,,,,,,,,,,,,hilrp_gate3/swin_base_patch4_window7_224.csv,31.0,226.0,226.0,8.60107135772705,1.0
,,,,,,,,,,,,,,,,,,,,hilrp_gate3/swin_base_patch4_window7_224.csv,32.0,226.0,226.0,9.840811729431152,1.0
,,,,,,,,,,,,,,,,,,,,hilrp_gate3/swin_base_patch4_window7_224.csv,33.0,200.0,200.0,8.27729320526123,1.0
,,,,,,,,,,,,,,,,,,,,hilrp_gate3/swin_base_patch4_window7_224.csv,34.0,226.0,226.0,9.289234161376951,1.0
,,,,,,,,,,,,,,,,,,,,hilrp_gate3/swin_base_patch4_window7_224.csv,35.0,226.0,226.0,7.112645149230957,1.0
,,,,,,,,,,,,,,,,,,,,hilrp_gate3/swin_base_patch4_window7_224.csv,36.0,200.0,204.0,8.752482414245605,1.0
,,,,,,,,,,,,,,,,,,,,hilrp_gate3/swin_base_patch4_window7_224.csv,37.0,226.0,226.0,9.347100257873535,1.0
,,,,,,,,,,,,,,,,,,,,hilrp_gate3/swin_base_patch4_window7_224.csv,38.0,825.0,825.0,9.479328155517578,1.0
,,,,,,,,,,,,,,,,,,,,hilrp_gate3/swin_base_patch4_window7_224.csv,39.0,525.0,525.0,7.882879734039307,1.0
,,,,,,,,,,,,,,,,,,,,hilrp_gate3/swin_base_patch4_window7_224.csv,40.0,825.0,825.0,9.422324180603027,1.0
,,,,,,,,,,,,,,,,,,,,hilrp_gate3/swin_base_patch4_window7_224.csv,41.0,825.0,825.0,9.376968383789062,1.0
,,,,,,,,,,,,,,,,,,,,hilrp_gate3/swin_base_patch4_window7_224.csv,42.0,825.0,825.0,9.542414665222168,1.0
,,,,,,,,,,,,,,,,,,,,hilrp_gate3/swin_base_patch4_window7_224.csv,43.0,825.0,825.0,9.088055610656738,1.0
,,,,,,,,,,,,,,,,,,,,hilrp_gate3/swin_base_patch4_window7_224.csv,44.0,825.0,825.0,9.10801124572754,1.0
,,,,,,,,,,,,,,,,,,,,hilrp_gate3/swin_base_patch4_window7_224.csv,45.0,825.0,825.0,9.077458381652832,1.0
,,,,,,,,,,,,,,,,,,,,hilrp_gate3/swin_base_patch4_window7_224.csv,46.0,825.0,884.0,6.321858406066895,0.0
,,,,,,,,,,,,,,,,,,,,hilrp_gate3/swin_base_patch4_window7_224.csv,47.0,825.0,825.0,8.554973602294922,1.0
,,,,,,,,,,,,,,,,,,,,hilrp_gate3/swin_base_patch4_window7_224.csv,48.0,825.0,825.0,9.317671775817873,1.0
,,,,,,,,,,,,,,,,,,,,hilrp_gate3/swin_base_patch4_window7_224.csv,49.0,825.0,825.0,8.91562271118164,1.0
,,,,,,,,,,,,,,,,,,,,hilrp_gate3/swin_base_patch4_window7_224.csv,50.0,825.0,825.0,8.377243041992188,1.0
,,,,,,,,,,,,,,,,,,,,hilrp_gate3/swin_base_patch4_window7_224.csv,51.0,825.0,825.0,8.625527381896973,0.0
,,,,,,,,,,,,,,,,,,,,hilrp_gate3/swin_base_patch4_window7_224.csv,52.0,825.0,825.0,8.926873207092285,1.0
,,,,,,,,,,,,,,,,,,,,hilrp_gate3/swin_base_patch4_window7_224.csv,53.0,825.0,825.0,9.397539138793944,0.0
,,,,,,,,,,,,,,,,,,,,hilrp_gate3/swin_base_patch4_window7_224.csv,54.0,825.0,825.0,9.275961875915527,1.0
,,,,,,,,,,,,,,,,,,,,hilrp_gate3/swin_base_patch4_window7_224.csv,55.0,825.0,825.0,8.99644947052002,1.0
,,,,,,,,,,,,,,,,,,,,hilrp_gate3/swin_base_patch4_window7_224.csv,56.0,825.0,825.0,9.319418907165527,0.0
,,,,,,,,,,,,,,,,,,,,hilrp_gate3/swin_base_patch4_window7_224.csv,57.0,284.0,284.0,9.297233581542969,1.0
,,,,,,,,,,,,,,,,,,,,hilrp_gate3/swin_base_patch4_window7_224.csv,58.0,284.0,284.0,8.888923645019531,1.0
,,,,,,,,,,,,,,,,,,,,hilrp_gate3/swin_base_patch4_window7_224.csv,59.0,284.0,284.0,8.607233047485352,1.0
,,,,,,,,,,,,,,,,,,,,hilrp_gate3/swin_base_patch4_window7_224.csv,60.0,284.0,284.0,8.784381866455078,1.0
,,,,,,,,,,,,,,,,,,,,hilrp_gate3/swin_base_patch4_window7_224.csv,61.0,284.0,284.0,8.860203742980957,1.0
,,,,,,,,,,,,,,,,,,,,hilrp_gate3/swin_base_patch4_window7_224.csv,62.0,284.0,284.0,8.97028923034668,1.0
,,,,,,,,,,,,,,,,,,,,hilrp_gate3/swin_base_patch4_window7_224.csv,63.0,284.0,284.0,9.133611679077148,1.0
,,,,,,,,,,,,,,,,,,,,hilrp_gate3/swin_base_patch4_window7_224.csv,64.0,284.0,284.0,8.098703384399414,1.0
,,,,,,,,,,,,,,,,,,,,hilrp_gate3/swin_base_patch4_window7_224.csv,65.0,284.0,284.0,9.065143585205078,1.0
,,,,,,,,,,,,,,,,,,,,hilrp_gate3/swin_base_patch4_window7_224.csv,66.0,596.0,596.0,9.707033157348633,1.0
,,,,,,,,,,,,,,,,,,,,hilrp_gate3/swin_base_patch4_window7_224.csv,67.0,284.0,284.0,9.209829330444336,1.0
,,,,,,,,,,,,,,,,,,,,hilrp_gate3/swin_base_patch4_window7_224.csv,68.0,285.0,284.0,8.689075469970703,1.0
,,,,,,,,,,,,,,,,,,,,hilrp_gate3/swin_base_patch4_window7_224.csv,69.0,284.0,284.0,9.070568084716797,1.0
,,,,,,,,,,,,,,,,,,,,hilrp_gate3/swin_base_patch4_window7_224.csv,70.0,89.0,284.0,8.969156265258789,1.0
,,,,,,,,,,,,,,,,,,,,hilrp_gate3/swin_base_patch4_window7_224.csv,71.0,284.0,284.0,8.892439842224121,1.0
,,,,,,,,,,,,,,,,,,,,hilrp_gate3/swin_base_patch4_window7_224.csv,72.0,901.0,901.0,9.151274681091309,1.0
,,,,,,,,,,,,,,,,,,,,hilrp_gate3/swin_base_patch4_window7_224.csv,73.0,901.0,899.0,8.819321632385254,1.0
,,,,,,,,,,,,,,,,,,,,hilrp_gate3/swin_base_patch4_window7_224.csv,74.0,901.0,901.0,8.918932914733887,1.0
,,,,,,,,,,,,,,,,,,,,hilrp_gate3/swin_base_patch4_window7_224.csv,75.0,899.0,901.0,7.222696304321289,1.0
,,,,,,,,,,,,,,,,,,,,hilrp_gate3/swin_base_patch4_window7_224.csv,76.0,901.0,901.0,9.596635818481444,1.0
,,,,,,,,,,,,,,,,,,,,hilrp_gate3/swin_base_patch4_window7_224.csv,77.0,901.0,901.0,9.374524116516112,1.0
,,,,,,,,,,,,,,,,,,,,hilrp_gate3/swin_base_patch4_window7_224.csv,78.0,901.0,901.0,9.594487190246582,1.0
,,,,,,,,,,,,,,,,,,,,hilrp_gate3/swin_base_patch4_window7_224.csv,79.0,901.0,901.0,7.54475736618042,1.0
,,,,,,,,,,,,,,,,,,,,hilrp_gate3/swin_base_patch4_window7_224.csv,80.0,901.0,901.0,9.521540641784668,1.0
,,,,,,,,,,,,,,,,,,,,hilrp_gate3/swin_base_patch4_window7_224.csv,81.0,901.0,901.0,9.754298210144045,1.0
,,,,,,,,,,,,,,,,,,,,hilrp_gate3/swin_base_patch4_window7_224.csv,82.0,901.0,901.0,8.634499549865723,1.0
,,,,,,,,,,,,,,,,,,,,hilrp_gate3/swin_base_patch4_window7_224.csv,83.0,944.0,944.0,9.12081813812256,1.0
,,,,,,,,,,,,,,,,,,,,hilrp_gate3/swin_base_patch4_window7_224.csv,84.0,944.0,944.0,8.822613716125488,1.0
,,,,,,,,,,,,,,,,,,,,hilrp_gate3/swin_base_patch4_window7_224.csv,85.0,944.0,944.0,8.730298042297363,1.0
,,,,,,,,,,,,,,,,,,,,hilrp_gate3/swin_base_patch4_window7_224.csv,86.0,944.0,944.0,9.280433654785156,1.0
,,,,,,,,,,,,,,,,,,,,hilrp_gate3/swin_base_patch4_window7_224.csv,87.0,944.0,944.0,8.733040809631348,1.0
,,,,,,,,,,,,,,,,,,,,hilrp_gate3/swin_base_patch4_window7_224.csv,88.0,944.0,944.0,8.925928115844727,1.0
,,,,,,,,,,,,,,,,,,,,hilrp_gate3/swin_base_patch4_window7_224.csv,89.0,944.0,944.0,8.77145004272461,1.0
,,,,,,,,,,,,,,,,,,,,hilrp_gate3/swin_base_patch4_window7_224.csv,90.0,944.0,944.0,8.755599975585938,1.0
,,,,,,,,,,,,,,,,,,,,hilrp_gate3/swin_base_patch4_window7_224.csv,91.0,946.0,946.0,7.89146614074707,1.0
,,,,,,,,,,,,,,,,,,,,hilrp_gate3/swin_base_patch4_window7_224.csv,92.0,944.0,944.0,9.256404876708984,1.0
,,,,,,,,,,,,,,,,,,,,hilrp_gate3/swin_base_patch4_window7_224.csv,93.0,944.0,944.0,9.088582992553713,1.0
,,,,,,,,,,,,,,,,,,,,hilrp_gate3/swin_base_patch4_window7_224.csv,94.0,944.0,944.0,9.04279899597168,1.0
,,,,,,,,,,,,,,,,,,,,hilrp_gate3/swin_base_patch4_window7_224.csv,95.0,946.0,946.0,8.870673179626465,1.0
,,,,,,,,,,,,,,,,,,,,hilrp_gate3/swin_base_patch4_window7_224.csv,96.0,187.0,187.0,8.576555252075195,1.0
,,,,,,,,,,,,,,,,,,,,hilrp_gate3/swin_base_patch4_window7_224.csv,97.0,651.0,651.0,9.143486976623535,1.0
,,,,,,,,,,,,,,,,,,,,hilrp_gate3/swin_base_patch4_window7_224.csv,98.0,187.0,187.0,8.923986434936523,1.0
,,,,,,,,,,,,,,,,,,,,hilrp_gate3/swin_base_patch4_window7_224.csv,99.0,187.0,187.0,8.276212692260742,1.0
mobilevitv2_100,grad_cam,-0.0010593787953257,0.2278890578451673,50.0,-0.0065983866155147,0.2568523919315583,50.0,-0.0046153850108385,0.3786163899058816,50.0,1.0,0.0,50.0,0.2111141322553157,0.071838320078789,50.0,0.49562391110117,0.1710037210846436,50.0,rerun_mobilevitv2/summary.csv,,,,,
mobilevitv2_100,grad_cam_plus_plus,-0.0357752529345452,0.232693804676136,50.0,-0.0235465568304061,0.2218632224661094,50.0,0.0046409456431865,0.3832375288090111,50.0,1.0,0.0,50.0,0.2256837745010853,0.094811940080394,50.0,0.4518957566741953,0.1761070968923273,50.0,rerun_mobilevitv2/summary.csv,,,,,
mobilevitv2_100,input_x_gradient,-0.0365382043085992,0.2028472785756166,50.0,-0.0214524009078741,0.2186447287095565,50.0,0.0426179318130016,0.3173672306600459,50.0,0.88,0.3282607226593159,50.0,0.916703827381134,0.1489260127064015,50.0,0.6433799414439442,0.0454879101826936,50.0,rerun_mobilevitv2/summary.csv,,,,,
mobilevitv2_100,integrated_gradients,-0.0109113565646111,0.2238489877994515,50.0,0.0323160208202898,0.2460075968393012,50.0,0.0113303868472576,0.3352452540853473,50.0,0.9,0.3030457633656632,50.0,0.8575643217563629,0.1438302540297152,50.0,0.6141762107169775,0.0415905314367745,50.0,rerun_mobilevitv2/summary.csv,,,,,
mobilevitv2_100,lime,0.0117586724366992,0.208329656693095,50.0,-0.0061248440295457,0.2435588576811809,50.0,0.0366246692463755,0.242386260804381,50.0,0.9,0.3030457633656632,50.0,1.501230090856552,0.4296984150622516,50.0,0.7813884220830795,0.0243810141288508,50.0,rerun_mobilevitv2/summary.csv,,,,,
mobilevitv2_100,occlusion,0.0295957292616367,0.24328658035017,50.0,0.0885236344859004,0.2118118840770479,50.0,-0.0136680910736322,0.2969301541815479,50.0,0.92,0.2740475156178697,50.0,1.0190031003952027,0.5650650611313752,50.0,0.4978721220591899,0.0526294282274722,50.0,rerun_mobilevitv2/summary.csv,,,,,
mobilevitv2_100,rise,-0.0021226235851645,0.2302087169904898,50.0,-0.0225967191904783,0.2679987954878453,50.0,0.1341388492286205,0.3617345835538169,50.0,0.9,0.3030457633656632,50.0,0.4439168863743543,0.4561478111126653,50.0,0.036464146467027,0.0146247421118376,50.0,rerun_mobilevitv2/summary.csv,,,,,
mobilevitv2_100,saliency,0.0177808580640703,0.2205942108264726,50.0,-0.0650118348933756,0.2452834109691531,50.0,0.0440144925191998,0.4385773011420936,50.0,0.9,0.3030457633656632,50.0,0.8042952644824982,0.1721653028691121,50.0,0.4739117860644452,0.0525260211314593,50.0,rerun_mobilevitv2/summary.csv,,,,,
mobilevitv2_100,smoothgrad,0.0234983705263584,0.2577388045755193,50.0,0.0229721871204674,0.223242628895962,50.0,-0.0371685724705457,0.3868987148301952,50.0,0.92,0.2740475156178696,50.0,0.2753345921635627,0.0422632857154772,50.0,0.3616183305294067,0.0803770901799264,50.0,rerun_mobilevitv2/summary.csv,,,,,
mobilevitv2_100,vargrad,-0.0302884913235902,0.2006582891175172,50.0,-0.0273040235973894,0.2369324714897733,50.0,0.0210787083953619,0.3178044968383446,50.0,0.9,0.3030457633656632,50.0,0.8054847085475921,0.1696520492779816,50.0,0.646599514066034,0.0939666813866624,50.0,rerun_mobilevitv2/summary.csv,,,,,
efficientvit_b1,grad_cam,0.0419386791739058,0.2132018829312717,47.0,,,0.0,0.1490711503404569,0.3631430530289255,47.0,0.7021276595744681,0.462267267743469,47.0,1.19402939275555,1.391226451354021,46.0,0.7450614926823599,0.1300603272565724,47.0,vit_suite_10/summary.csv,,,,,
efficientvit_b1,grad_cam_plus_plus,0.0848293551735373,0.2425959756682172,45.0,,,0.0,0.0618898813302318,0.2633900893388071,45.0,0.4444444444444444,0.502518907629606,45.0,1.1744475414355595,1.593276049642829,39.0,0.7844555185540927,0.1718468048063041,45.0,vit_suite_10/summary.csv,,,,,
efficientvit_b1,input_x_gradient,-0.0176750123873353,0.2304837970502056,50.0,,,0.0,0.0015282537229359,0.3717461022736402,50.0,0.74,0.443087497693452,50.0,0.9549923193454742,0.2121418530491942,50.0,0.6188393518053629,0.0422427823487441,50.0,vit_suite_10/summary.csv,,,,,
efficientvit_b1,integrated_gradients,-0.0466609585849934,0.2425887288605136,50.0,,,0.0,0.0763208728027295,0.3113872303665048,50.0,0.9,0.3030457633656632,50.0,0.9129198686398594,0.3669724672806242,50.0,0.6123685028003562,0.0441786169288002,50.0,vit_suite_10/summary.csv,,,,,
efficientvit_b1,lime,-0.0110741201043128,0.2320427286927505,50.0,,,0.0,0.0967168892920017,0.2071938005314259,50.0,0.8,0.4040610178208842,50.0,1.2661655724048615,0.2315617117335489,50.0,0.7748568242776531,0.0308918891700371,50.0,vit_suite_10/summary.csv,,,,,
efficientvit_b1,occlusion,0.0498423733562231,0.2517580687265902,50.0,,,0.0,0.2335682255774736,0.3657100918119446,50.0,0.96,0.1979486637221574,50.0,0.708887637257576,0.3289656737752017,50.0,0.4810854721499173,0.0603701571339393,50.0,vit_suite_10/summary.csv,,,,,
efficientvit_b1,rise,-0.0127621539868414,0.252793689037582,50.0,,,0.0,0.2425659079104662,0.3645977379852589,50.0,0.92,0.2740475156178697,50.0,0.2658807963877916,0.2134371818374808,50.0,0.033181922098472,0.0171559874192137,50.0,vit_suite_10/summary.csv,,,,,
efficientvit_b1,saliency,-0.0270163666177541,0.2427718595955211,50.0,,,0.0,0.1135334787331521,0.4884934767876368,50.0,0.86,0.3505098327538656,50.0,0.7870890855789184,0.2398156715934718,50.0,0.4453934426613374,0.0465645428476127,50.0,vit_suite_10/summary.csv,,,,,
efficientvit_b1,smoothgrad,-0.030349191656569,0.1988442056273402,50.0,,,0.0,0.1321235876344144,0.4580911340722425,50.0,0.92,0.2740475156178698,50.0,0.2697023829817772,0.194022132686933,50.0,0.3105069790686571,0.0700611624162963,50.0,vit_suite_10/summary.csv,,,,,
efficientvit_b1,vargrad,-0.0412229809490963,0.2358086550752378,50.0,,,0.0,0.0988141756365075,0.3977211210229834,50.0,0.9,0.3030457633656632,50.0,0.8484353315830231,1.2966136719141423,50.0,0.5790401973800511,0.0998285027197289,50.0,vit_suite_10/summary.csv,,,,,
efficientvit_b2,grad_cam,0.0413219553931635,0.2658421486800333,49.0,,,0.0,0.1140565002451137,0.3270044038172788,49.0,0.5510204081632653,0.5025445456953674,49.0,1.7004234632477164,4.7304122812360845,48.0,0.7519102167280792,0.1745274773452841,49.0,vit_suite_10/summary.csv,,,,,
efficientvit_b2,grad_cam_plus_plus,-0.0068550104139527,0.2226113398869096,48.0,,,0.0,0.0467576088752442,0.3034674097111984,48.0,0.5625,0.5013280235873938,48.0,1.676947450095957,2.207203033693062,44.0,0.7881461258181308,0.1361299715831263,48.0,vit_suite_10/summary.csv,,,,,
efficientvit_b2,input_x_gradient,0.0580968391895294,0.2247086587886628,50.0,,,0.0,0.072828770019114,0.3527975193278183,50.0,0.64,0.4848732213850612,50.0,1.06147821187973,0.3274680486691303,50.0,0.6244283225015281,0.0441878470701563,50.0,vit_suite_10/summary.csv,,,,,
efficientvit_b2,integrated_gradients,0.0087739860605845,0.213014100428542,50.0,,,0.0,0.0277253896039749,0.3601198447754952,50.0,0.9,0.3030457633656633,50.0,1.7445519342244404,3.8357783389498,50.0,0.6062500898370528,0.0457620340818188,50.0,vit_suite_10/summary.csv,,,,,
efficientvit_b2,lime,-0.037564969654195,0.2527031798689585,50.0,,,0.0,0.0375230586715042,0.1807286373885674,50.0,0.9,0.3030457633656633,50.0,1.6293737339973449,0.759758944920887,50.0,0.810687647127535,0.0619858194092496,50.0,vit_suite_10/summary.csv,,,,,
efficientvit_b2,occlusion,0.005835225302726,0.266065222709745,50.0,,,0.0,0.0568679789290763,0.3394377282358644,50.0,0.88,0.3282607226593159,50.0,0.9528631746768952,0.4682625285055155,50.0,0.4786057383721557,0.0541052125625289,50.0,vit_suite_10/summary.csv,,,,,
efficientvit_b2,rise,-0.0150501571223139,0.22970217363068,50.0,,,0.0,0.150610369015485,0.3907733045915356,50.0,0.78,0.4184519575964802,50.0,0.219817304238677,0.2118632442302857,50.0,0.0300327172877612,0.0199814368605402,50.0,vit_suite_10/summary.csv,,,,,
efficientvit_b2,saliency,0.0180051470757462,0.2324573021274747,50.0,,,0.0,0.1564234215673059,0.3753359212866989,50.0,0.66,0.4785181206984065,50.0,0.9296745789051056,0.4489960690676408,50.0,0.4347442804948263,0.0491284302046396,50.0,vit_suite_10/summary.csv,,,,,
efficientvit_b2,smoothgrad,0.0071087449789047,0.2598673404523697,50.0,,,0.0,0.08468182815006,0.4568778960926334,50.0,0.92,0.2740475156178696,50.0,0.2986627689003944,0.2272176613524644,50.0,0.3346301217739604,0.0816733626431723,50.0,vit_suite_10/summary.csv,,,,,
efficientvit_b2,vargrad,-0.046429157378152,0.2343747620025558,50.0,,,0.0,0.0310411589220166,0.3933790296674847,50.0,0.92,0.2740475156178696,50.0,0.7427320051193237,0.2996708565425104,50.0,0.6143154775190875,0.1080399191614632,50.0,vit_suite_10/summary.csv,,,,,
maxvit_small_tf_224,grad_cam,-0.0539035172271542,0.2059493492249207,50.0,,,0.0,-0.0926675070426426,0.3570078324256573,50.0,1.0,0.0,50.0,0.2890069867670536,0.1516856586013715,50.0,0.6325220397761584,0.0962220733190964,50.0,vit_suite_10/summary.csv,,,,,
maxvit_small_tf_224,grad_cam_plus_plus,0.068098575870196,0.2292475911934852,15.0,,,0.0,0.0625034045272817,0.3332484471224785,15.0,0.8,0.4140393356054125,15.0,1.7403110414743423,2.9592540289436338,12.0,0.6966427056465079,0.220374901423332,15.0,vit_suite_10/summary.csv,,,,,
maxvit_small_tf_224,input_x_gradient,0.0240273026749491,0.2225979513634242,50.0,,,0.0,0.0863833105191588,0.3068990925067564,50.0,0.56,0.501426536422407,50.0,1.32427636384964,0.9363319109724908,50.0,0.6796773089238995,0.049064006001562,50.0,vit_suite_10/summary.csv,,,,,
maxvit_small_tf_224,integrated_gradients,0.0406043468362828,0.219007109540962,50.0,,,0.0,-0.056235889222569,0.3293512006585274,50.0,0.62,0.4903143514780147,50.0,1.2113980480047788,0.561639602824472,50.0,0.6079652691212835,0.0293564148371408,50.0,vit_suite_10/summary.csv,,,,,
maxvit_small_tf_224,lime,0.0139516195643465,0.2544930962059606,49.0,,,0.0,-0.1621295629147611,0.1954553449959859,49.0,0.7959183673469388,0.4072055089639779,49.0,3.178588588187035,3.8291364328130033,47.0,0.8951827625596589,0.0674269435803252,49.0,vit_suite_10/summary.csv,,,,,
maxvit_small_tf_224,occlusion,0.0466751274606212,0.2250235701492927,50.0,,,0.0,0.153240855615586,0.2915673924362366,50.0,0.66,0.4785181206984065,50.0,1.073183801174164,0.634032161781094,50.0,0.3917712894653449,0.0680618999477569,50.0,vit_suite_10/summary.csv,,,,,
maxvit_small_tf_224,rise,0.0020702609373256,0.2039926548219656,50.0,,,0.0,0.0652147757448256,0.3548593697140628,50.0,0.7,0.4629100498862757,50.0,0.3251142109185457,0.3658883096955083,50.0,0.0236703223161787,0.0140080834768953,50.0,vit_suite_10/summary.csv,,,,,
maxvit_small_tf_224,saliency,-0.0077116102166473,0.2509360958819041,50.0,,,0.0,0.307030838355422,0.3211773969340639,50.0,0.58,0.49856938190329,50.0,1.1226077485084534,0.6433835036032082,50.0,0.5153035743286237,0.0581967908484194,50.0,vit_suite_10/summary.csv,,,,,
maxvit_small_tf_224,smoothgrad,-0.0723989035934209,0.2255689771196955,50.0,,,0.0,-0.3284410433843732,0.4162739208692006,50.0,0.7,0.4629100498862757,50.0,0.5001705083250999,0.3476185387829252,50.0,0.2701373274776295,0.0556865325272977,50.0,vit_suite_10/summary.csv,,,,,
maxvit_small_tf_224,vargrad,0.0207757193315774,0.2440712485198178,50.0,,,0.0,-0.2076019254710991,0.3040646276538864,50.0,0.68,0.4712120714991611,50.0,3.070351498126984,6.479274954835564,50.0,0.5898428177611343,0.0918159729764227,50.0,vit_suite_10/summary.csv,,,,,
mobilevitv2_100,grad_cam,-0.0683246351664467,0.217844468103815,49.0,,,0.0,-0.0016756706719039,0.30222626340441,49.0,0.4897959183673469,0.5050762722761054,49.0,0.0624781022304479,0.1303495613323666,49.0,0.6205095916440679,0.135860751630551,49.0,vit_suite_10/summary.csv,,,,,
mobilevitv2_100,grad_cam_plus_plus,-0.020816482361406,0.2310073724980626,50.0,,,0.0,0.0099145397217944,0.2964744979825233,50.0,0.52,0.5046720495044484,50.0,0.0590299152955412,0.0623482660986897,50.0,0.631115037064734,0.1411818201113429,50.0,vit_suite_10/summary.csv,,,,,
mobilevitv2_100,input_x_gradient,-0.0022444011038169,0.2599364446563244,50.0,,,0.0,0.1030450690118596,0.3315223041767307,50.0,0.66,0.4785181206984065,50.0,0.6023468804359436,0.0518575185177829,50.0,0.6881509792350965,0.0657751052493331,50.0,vit_suite_10/summary.csv,,,,,
mobilevitv2_100,integrated_gradients,0.024894944009759,0.2123084825361524,50.0,,,0.0,-0.0329494158929916,0.3086145796910402,50.0,0.78,0.4184519575964802,50.0,0.8650265098798038,0.2233207617979686,50.0,0.6329453131788101,0.0485746884459698,50.0,vit_suite_10/summary.csv,,,,,
mobilevitv2_100,lime,0.0537500219291541,0.2185270715360566,50.0,,,0.0,0.0216650491859763,0.1337081425557698,50.0,0.62,0.4903143514780148,50.0,1.378727777004242,0.3564468467439073,50.0,0.9184416036735557,0.0305864229414853,50.0,vit_suite_10/summary.csv,,,,,
mobilevitv2_100,occlusion,0.0153788076154887,0.2636365031917108,50.0,,,0.0,-0.0193636814784258,0.330633655628567,50.0,0.7,0.4629100498862757,50.0,0.1450321611762046,0.0640944515047831,50.0,0.6441184138681082,0.0966966579318646,50.0,vit_suite_10/summary.csv,,,,,
mobilevitv2_100,rise,0.0296535040996968,0.2382871129879944,50.0,,,0.0,-0.1236609621206298,0.3158454902738666,50.0,0.5,0.5050762722761054,50.0,0.0837448519468307,0.0646030329757771,50.0,0.0221867104102098,0.0064345989036682,50.0,vit_suite_10/summary.csv,,,,,
mobilevitv2_100,saliency,0.010533646903932,0.2426392116408772,50.0,,,0.0,0.1170520902145653,0.4318472128085575,50.0,0.6,0.4948716593053936,50.0,0.5371123653650284,0.0435394180350701,50.0,0.5549650290917378,0.0753758642907251,50.0,vit_suite_10/summary.csv,,,,,
mobilevitv2_100,smoothgrad,0.0455108194518834,0.2243146814647217,50.0,,,0.0,0.191152675691992,0.3693130411447257,50.0,0.64,0.4848732213850611,50.0,0.2330274093151092,0.0190649561989607,50.0,0.500182168175318,0.0901513043371826,50.0,vit_suite_10/summary.csv,,,,,
mobilevitv2_100,vargrad,0.0525932032428681,0.215064851670436,50.0,,,0.0,0.1574873752146959,0.3711084861877797,50.0,0.7,0.4629100498862757,50.0,0.5081424671411514,0.0579009030195494,50.0,0.726488623211353,0.093413305032043,50.0,vit_suite_10/summary.csv,,,,,
swin_base_patch4_window7_224,grad_cam,0.0333866450679488,0.2443875711147785,100.0,,,0.0,0.0523533238843083,0.2992081573818058,100.0,1.0,0.0,100.0,0.2043481031805276,0.0748081693855265,100.0,0.4607897529355416,0.0616595956259712,100.0,vit_suite_10/summary.csv,,,,,
swin_base_patch4_window7_224,grad_cam_plus_plus,-0.0179424952133558,0.2244849016999256,100.0,,,0.0,0.0512228992153541,0.3072267830870244,100.0,1.0,0.0,100.0,0.205746634453535,0.0763211186578603,100.0,0.452680613867302,0.0633481641482877,100.0,vit_suite_10/summary.csv,,,,,
swin_base_patch4_window7_224,gradient_shap,-0.0119345408177468,0.2176108213579334,100.0,,,0.0,0.0547144564328482,0.2410780123208878,100.0,0.71,0.4560480215720686,100.0,1.7246064287424088,2.3105921391362094,100.0,0.6638484301052057,0.0520100224564692,100.0,vit_suite_10/summary.csv,,,,,
swin_base_patch4_window7_224,input_x_gradient,0.0447021434118505,0.2331298484971514,100.0,,,0.0,0.0525194288464263,0.2175483604520982,100.0,0.67,0.4725815626252608,100.0,1.3903650796413425,1.2146124895971306,100.0,0.7108711557245599,0.0623099825028595,100.0,vit_suite_10/summary.csv,,,,,
swin_base_patch4_window7_224,integrated_gradients,0.046045275776631,0.2459965532216827,100.0,,,0.0,0.0789508437071586,0.244411172667732,100.0,0.66,0.4760952285695233,100.0,1.1140842165903269,0.2983891471173138,100.0,0.6537036517395456,0.0447662902389924,100.0,vit_suite_10/summary.csv,,,,,
swin_base_patch4_window7_224,lime,-0.0010323378805408,0.245188913595958,58.0,,,0.0,-0.2482511958524841,0.1348124613790289,58.0,0.8620689655172413,0.3478392380269824,58.0,1.8961975492280103,0.8117976289385245,58.0,0.8642584990840786,0.0549068136812534,58.0,vit_suite_10/summary.csv,,,,,
swin_base_patch4_window7_224,occlusion,-0.0236951565812341,0.2232397665637382,50.0,,,0.0,-0.044564429745078,0.3798094081583487,50.0,0.78,0.4184519575964803,50.0,1.4485971331596377,1.2430117098272642,50.0,0.3664448869980672,0.0747003038884787,50.0,vit_suite_10/summary.csv,,,,,
swin_base_patch4_window7_224,rise,-0.0410482095181942,0.2468183659049323,50.0,,,0.0,0.0271710623102262,0.276062833012209,50.0,0.68,0.4712120714991611,50.0,0.2730983391404152,0.454962992552763,50.0,0.0223143924937991,0.0095305206146436,50.0,vit_suite_10/summary.csv,,,,,
swin_base_patch4_window7_224,saliency,0.0013785192836076,0.2434110715847946,100.0,,,0.0,0.1590384466433897,0.2546712452102969,100.0,0.62,0.4878317312145633,100.0,1.2395810621976853,0.6180197904036844,100.0,0.5933054465497848,0.0732354416500404,100.0,vit_suite_10/summary.csv,,,,,
swin_base_patch4_window7_224,smoothgrad,0.0416643439320614,0.2455298700315478,100.0,,,0.0,0.0300758187100291,0.3158283626082829,100.0,0.79,0.4093601807403323,100.0,0.6377782478928566,0.3345938024434058,100.0,0.2966358220444303,0.0557556897384616,100.0,vit_suite_10/summary.csv,,,,,
swin_base_patch4_window7_224,vargrad,0.0197293091844767,0.2126162839023198,100.0,,,0.0,-0.0402590789389796,0.1662395999123233,100.0,0.71,0.4560480215720687,100.0,73.4934965801239,577.3698427087053,100.0,0.7293423368624584,0.1014741476735054,100.0,vit_suite_10/summary.csv,,,,,
efficientvit_b1,attnlrp,-0.016064896322786806,0.23022190669087655,100,-0.03335817529819906,0.2207477513387341,100,0.035324071627110244,0.18027688177334886,100,0.87,0.33799766898963113,100,1.0016818767786027,1.3057264159328872,100,0.7538843923034304,0.05544419161962847,100,attnlrp_grid_hier/summary.csv,,,,,
efficientvit_b2,attnlrp,0.0067743281461298465,0.24170068626686467,100,0.007177736405283213,0.24119809947621662,100,0.021851001242175698,0.18220945773372882,100,0.94,0.23868325657594205,100,1.8082399368286133,7.503662612473724,100,0.7483559189848853,0.05906905676286933,100,attnlrp_grid_hier/summary.csv,,,,,
maxvit_small_tf_224,attnlrp,-0.004568924531340599,0.20096508512610506,100,-0.033836435824632645,0.22488283774347279,100,-0.27269798293709757,0.20288196869490496,100,0.86,0.34873508801977693,100,0.7434064015746117,0.13642405561495677,100,0.6805705386568284,0.04179364038436758,100,attnlrp_grid_hier/summary.csv,,,,,
mobilevitv2_100,attnlrp,0.004369595311000012,0.23834987768778707,100,-0.019558451026678084,0.22163806935273533,100,0.03971789637580514,0.18574855337454582,100,0.95,0.21904291355759034,100,0.8753441923856735,0.33422235342167145,100,0.8215987298650513,0.06349781687031994,100,attnlrp_grid_hier/summary.csv,,,,,
pvt_v2_b2,attnlrp,-0.03563630683347583,0.23373665108404776,100,-0.017382505908608438,0.2195429166568068,100,-0.02885609174147248,0.17171576967892632,100,0.8,0.4020151261036849,100,0.8578579872846603,0.21557741915312403,100,0.5381542364965515,0.03028337271784872,100,attnlrp_grid_hier/summary.csv,,,,,
swin_base_patch4_window7_224,attnlrp,-0.006110857110470534,0.24784798726935597,100,0.022636421723291278,0.2301195884134874,100,-0.20308892495930195,0.21346730191328445,100,0.99,0.09999999999999999,100,0.643998371064663,0.1738581921124345,100,0.6482557738634915,0.057213866161702806,100,attnlrp_grid_hier/summary.csv,,,,,
vit_base_patch16_224,attnlrp,-0.008559123128652573,0.22257990924037055,100,0.02577787071466446,0.2256385464327995,100,-0.024753373097628355,0.20987666517762502,100,0.83,0.3775251680686369,100,0.9258095616102219,0.316399288633847,100,0.6915807589328982,0.06038170148066018,100,attnlrp_grid_vit/summary.csv,,,,,
